layer,ranking,movie_id,movie_name,cluster_name,character_score,release_score,rating_score,total_score
1,0,4043665651,Isle of Dogs,animal,2.000000,2.000000,4.000000,8.0
1,1,905801531,How to Train Your Dragon 2,animal,2.000000,2.000000,3.900000,7.9
1,2,906837702,Shaun the Sheep Movie,animal,2.000000,2.000000,3.700000,7.7
1,3,907784531,Finding Dory,animal,2.000000,2.000000,3.650000,7.65
1,4,903622406,The Peanuts Movie,animal,2.000000,2.000000,3.550000,7.550000000000001
1,5,2012569545,Sing,animal,2.000000,2.000000,3.550000,7.550000000000001
1,6,1357199203,The Adventures of Pepper and Paula,animal,2.000000,2.000000,3.450000,7.45
1,7,916207758,Mr. Peabody & Sherman,animal,2.000000,2.000000,3.400000,7.4
1,8,1065094665,Max,animal,2.000000,2.000000,3.400000,7.4
1,9,1520991455,Storks,animal,2.000000,2.000000,3.400000,7.4
1,10,908325178,Penguins of Madagascar,animal,2.000000,2.000000,3.350000,7.35
1,11,906721986,The Good Dinosaur,animal,2.000000,2.000000,3.350000,7.35
1,12,1381083925,Pete's Dragon,animal,2.000000,2.000000,3.350000,7.35
1,13,906863827,Ferdinand,animal,2.000000,2.000000,3.350000,7.35
1,14,1352079598,A Girl's Best Friend,animal,2.000000,2.000000,3.300000,7.300000000000001
1,15,3195628081,Peter Rabbit,animal,2.000000,2.000000,3.300000,7.300000000000001
1,16,1064963796,The Secret Life of Pets,animal,2.000000,2.000000,3.250000,7.25
1,17,904519496,Dolphin Tale 2,animal,2.000000,2.000000,3.200000,7.2
1,18,5830189854,Benji,animal,2.000000,2.000000,3.200000,7.2
1,19,906202903,Rio 2,animal,2.000000,2.000000,3.150000,7.15
1,20,1728659727,Pokémon the Movie: Hoopa and the Clash of Ages,animal,2.000000,2.000000,3.050000,7.050000000000001
1,21,2038104917,My Little Pony: The Movie,animal,2.000000,2.000000,3.050000,7.050000000000001
1,22,3283950291,Rescue Dogs,animal,2.000000,2.000000,3.000000,7.0
1,23,3666786111,Rock Dog,animal,2.000000,2.000000,2.950000,6.95
1,24,1636804759,Huevos: Little Rooster's Egg-cellent Adventure,animal,2.000000,2.000000,2.900000,6.9
1,25,915297124,Ice Age: Collision Course,animal,2.000000,2.000000,2.850000,6.85
1,26,1549209811,Curious George 3: Back to the Jungle,animal,2.000000,2.000000,2.800000,6.800000000000001
1,27,1064930444,The Nut Job 2: Nutty by Nature,animal,2.000000,2.000000,2.700000,6.7
1,28,908300243,Rise of the Guardians,animal,2.000000,1.000000,3.650000,6.65
1,29,1998612866,The Wild Life,animal,2.000000,2.000000,2.650000,6.65
1,30,1065273854,Kung Fu Panda 2,animal,2.000000,1.000000,3.600000,6.6
1,31,914972727,Winnie the Pooh,animal,2.000000,1.000000,3.600000,6.6
1,32,1065200621,Rango,animal,2.000000,1.000000,3.600000,6.6
1,33,907791020,My Dog the Champion,animal,2.000000,1.000000,3.600000,6.6
1,34,903657028,Alvin and the Chipmunks: The Road Chip,animal,2.000000,2.000000,2.550000,6.550000000000001
1,35,914887528,Frankenweenie,animal,2.000000,1.000000,3.500000,6.5
1,36,916164567,Rio,animal,2.000000,1.000000,3.450000,6.45
1,37,915262294,Madagascar 3: Europe's Most Wanted,animal,2.000000,1.000000,3.450000,6.45
1,38,905035161,Ice Age: Continental Drift,animal,2.000000,1.000000,3.300000,6.300000000000001
1,39,908087170,50 to 1,animal,1.000000,2.000000,3.300000,6.300000000000001
1,40,906668270,The Amazing Spider-Man 2,animal,1.000000,2.000000,3.300000,6.300000000000001
1,41,1640506209,Puss in Boots,animal,2.000000,1.000000,3.300000,6.300000000000001
1,42,1065280196,Home,animal,1.000000,2.000000,3.300000,6.300000000000001
1,43,915400816,The Lion King,animal,2.000000,0.000000,4.250000,6.25
1,44,914630762,Dr. Seuss' The Lorax,animal,2.000000,1.000000,3.200000,6.2
1,45,1065183208,Turbo,animal,2.000000,1.000000,3.200000,6.2
1,46,1068550523,Animals Are Beautiful People,animal,2.000000,0.000000,4.150000,6.15
1,47,907994469,Night at the Museum: Secret of the Tomb,animal,1.000000,2.000000,3.100000,6.1
1,48,3453094353,Emma's Chance,animal,1.000000,2.000000,3.100000,6.1
1,49,5586056082,Surviving the Wild,animal,1.000000,2.000000,3.100000,6.1
1,50,3562742415,Early Man,animal,1.000000,2.000000,3.050000,6.050000000000001
1,51,907208972,How to Train Your Dragon,animal,2.000000,0.000000,4.050000,6.05
1,52,913707373,Finding Nemo,animal,2.000000,0.000000,4.050000,6.05
1,53,1064928422,"Monsters, Inc.",animal,2.000000,0.000000,4.050000,6.05
1,54,916026494,Beauty and the Beast,animal,2.000000,0.000000,4.000000,6.0
1,55,4691995289,The Wizard of Oz,animal,2.000000,0.000000,4.000000,6.0
1,56,915826995,Ratatouille,animal,2.000000,0.000000,4.000000,6.0
1,57,915377071,Harvey,animal,2.000000,0.000000,4.000000,6.0
1,58,916683054,Mr. Popper's Penguins,animal,2.000000,1.000000,3.000000,6.0
1,59,905884839,Wiener Dog Nationals,animal,2.000000,1.000000,3.000000,6.0
1,60,908574749,Derby Dogs,animal,2.000000,1.000000,2.950000,5.95
1,61,1065010479,Free Birds,animal,2.000000,1.000000,2.950000,5.95
1,62,1064822576,Fantastic Mr. Fox,animal,2.000000,0.000000,3.900000,5.9
1,63,1973088754,Rodeo Girl,animal,1.000000,2.000000,2.900000,5.9
1,64,913960693,Who Framed Roger Rabbit,animal,2.000000,0.000000,3.850000,5.85
1,65,907378731,12 Christmas Wishes for My Dog,animal,2.000000,1.000000,2.850000,5.85
1,66,915988655,The Bear,animal,2.000000,0.000000,3.850000,5.85
1,67,913618508,The Secret of NIMH,animal,2.000000,0.000000,3.800000,5.800000000000001
1,68,914806985,Kung Fu Panda: The IMAX Experience,animal,2.000000,0.000000,3.800000,5.800000000000001
1,69,914429308,Robin Hood,animal,2.000000,0.000000,3.800000,5.800000000000001
1,70,908278076,Ice Age,animal,2.000000,0.000000,3.750000,5.75
1,71,914798166,Hop,animal,2.000000,1.000000,2.750000,5.75
1,72,915897129,The Last Unicorn,animal,2.000000,0.000000,3.750000,5.75
1,73,915155684,The African Lion,animal,2.000000,0.000000,3.750000,5.75
1,74,908217216,Legends of Oz: Dorothy's Return,animal,2.000000,1.000000,2.750000,5.75
1,75,3493741119,Show Dogs,animal,2.000000,2.000000,1.750000,5.75
1,76,915017476,The Land Before Time,animal,2.000000,0.000000,3.700000,5.7
1,77,914468749,The Black Stallion,animal,2.000000,0.000000,3.700000,5.7
1,78,1499453833,Molly Moon and the Incredible Book of Hypnotism,animal,1.000000,2.000000,2.700000,5.7
1,79,907783509,Dumbo,animal,2.000000,0.000000,3.650000,5.65
1,80,915058261,Bambi,animal,2.000000,0.000000,3.650000,5.65
1,81,915398531,The Adventures of Tintin,animal,1.000000,1.000000,3.650000,5.65
1,82,916418951,The Fox and the Hound,animal,2.000000,0.000000,3.650000,5.65
1,83,915588500,Old Yeller,animal,2.000000,0.000000,3.650000,5.65
1,84,914437664,Lady and the Tramp,animal,2.000000,0.000000,3.650000,5.65
1,85,914171252,Eight Below,animal,2.000000,0.000000,3.650000,5.65
1,86,905308451,12 Dogs of Christmas: Great Puppy Rescue,animal,2.000000,1.000000,2.650000,5.65
1,87,913623778,The Emperor's New Groove,animal,2.000000,0.000000,3.650000,5.65
1,88,916192844,Duma,animal,2.000000,0.000000,3.650000,5.65
1,89,915019633,Lassie Come Home,animal,2.000000,0.000000,3.600000,5.6
1,90,914502613,Daffy Duck's Quackbusters,animal,2.000000,0.000000,3.600000,5.6
1,91,916266562,Zookeeper,animal,2.000000,1.000000,2.600000,5.6
1,92,913826432,"The Looney, Looney, Looney Bugs Bunny Movie",animal,2.000000,0.000000,3.600000,5.6
1,93,915481233,"20,000 Leagues Under the Sea",animal,2.000000,0.000000,3.600000,5.6
1,94,913963444,A Bug's Life,animal,2.000000,0.000000,3.600000,5.6
1,95,914696269,Perri,animal,2.000000,0.000000,3.600000,5.6
1,96,914575870,Marley & Me,animal,2.000000,0.000000,3.550000,5.550000000000001
1,97,916236931,My Dog Skip,animal,2.000000,0.000000,3.550000,5.550000000000001
1,98,915563605,Balto,animal,2.000000,0.000000,3.550000,5.550000000000001
1,99,914404693,The Princess and the Frog,animal,2.000000,0.000000,3.550000,5.550000000000001
1,100,906656116,Santa Paws 2: The Santa Pups,animal,2.000000,1.000000,2.550000,5.550000000000001
1,101,915595324,The Aristocats,animal,2.000000,0.000000,3.550000,5.550000000000001
1,102,916084934,Bugs Bunny's 3rd Movie: 1001 Rabbit Tales,animal,2.000000,0.000000,3.550000,5.550000000000001
1,103,1065189048,Scooby-Doo Meets the Boo Brothers,animal,2.000000,0.000000,3.550000,5.550000000000001
1,104,914395606,Spirit: Stallion of the Cimarron,animal,2.000000,0.000000,3.550000,5.550000000000001
1,105,914087992,Daffy Duck's Movie: Fantastic Island,animal,2.000000,0.000000,3.500000,5.5
1,106,914228423,Legend of the Guardians: The Owls of Ga'Hoole,animal,2.000000,0.000000,3.500000,5.5
1,107,913704606,The Reluctant Dragon,animal,2.000000,0.000000,3.500000,5.5
1,108,907768362,Ice Age: Dawn of the Dinosaurs,animal,2.000000,0.000000,3.500000,5.5
1,109,915862616,Scooby-Doo and the Ghoul School,animal,2.000000,0.000000,3.500000,5.5
1,110,908574601,Chicken Run,animal,2.000000,0.000000,3.500000,5.5
1,111,915902103,Charlotte's Web,animal,2.000000,0.000000,3.450000,5.45
1,112,915262622,Cats Don't Dance,animal,2.000000,0.000000,3.450000,5.45
1,113,913816442,An American Tail,animal,2.000000,0.000000,3.450000,5.45
1,114,916485461,Bolt,animal,2.000000,0.000000,3.450000,5.45
1,115,906121795,Homeward Bound: The Incredible Journey,animal,2.000000,0.000000,3.450000,5.45
1,116,914871911,Madagascar,animal,2.000000,0.000000,3.450000,5.45
1,117,915203727,Where the Red Fern Grows,animal,2.000000,0.000000,3.450000,5.45
1,118,914104982,Rainbow Brite and the Star Stealer,animal,2.000000,0.000000,3.450000,5.45
1,119,914040628,Scooby-Doo and the Reluctant Werewolf,animal,2.000000,0.000000,3.450000,5.45
1,120,915786819,A Goofy Movie,animal,2.000000,0.000000,3.400000,5.4
1,121,904802188,Brother Bear,animal,2.000000,0.000000,3.400000,5.4
1,122,1065004754,Where the Wild Things Are: The IMAX Experience,animal,2.000000,0.000000,3.400000,5.4
1,123,916580571,Ice Age 2: The Meltdown,animal,2.000000,0.000000,3.400000,5.4
1,124,914955594,Winnie the Pooh: A Very Merry Pooh Year,animal,2.000000,0.000000,3.400000,5.4
1,125,1065115502,Madagascar: Escape 2 Africa,animal,2.000000,0.000000,3.350000,5.35
1,126,915209999,Surf's Up,animal,2.000000,0.000000,3.350000,5.35
1,127,915565237,Teenage Mutant Ninja Turtles,animal,2.000000,0.000000,3.350000,5.35
1,128,916239522,Oliver & Company,animal,2.000000,0.000000,3.350000,5.35
1,129,916059185,All Dogs Go to Heaven,animal,2.000000,0.000000,3.350000,5.35
1,130,1065175642,Epic,animal,1.000000,1.000000,3.350000,5.35
1,131,1644373666,Over the Hedge,animal,2.000000,0.000000,3.350000,5.35
1,132,906149267,Antz,animal,2.000000,0.000000,3.300000,5.300000000000001
1,133,905472988,Skellig,animal,2.000000,0.000000,3.300000,5.300000000000001
1,134,916483213,Flushed Away,animal,2.000000,0.000000,3.300000,5.300000000000001
1,135,4587051891,The Horse Dancer,animal,1.000000,2.000000,2.300000,5.300000000000001
1,136,914116048,Black Beauty,animal,2.000000,0.000000,3.300000,5.300000000000001
1,137,4744393585,The Swan Princess,animal,2.000000,0.000000,3.250000,5.25
1,138,906428238,An American Tail: Fievel Goes West,animal,2.000000,0.000000,3.250000,5.25
1,139,907803404,Happy Feet,animal,2.000000,0.000000,3.250000,5.25
1,140,916138131,Once Upon a Forest,animal,2.000000,0.000000,3.250000,5.25
1,141,915528607,Dinosaur,animal,2.000000,0.000000,3.250000,5.25
1,142,913957865,Curious George,animal,2.000000,0.000000,3.250000,5.25
1,143,916255700,Paulie,animal,2.000000,0.000000,3.250000,5.25
1,144,914255173,Pooh's Heffalump Movie,animal,2.000000,0.000000,3.200000,5.2
1,145,916282238,Curious George: A Very Monkey Christmas,animal,2.000000,0.000000,3.200000,5.2
1,146,913636340,The Velveteen Rabbit,animal,2.000000,0.000000,3.200000,5.2
1,147,914719136,Pete's Dragon,animal,2.000000,0.000000,3.200000,5.2
1,148,915772790,Because of Winn-Dixie,animal,2.000000,0.000000,3.200000,5.2
1,149,905905881,Storm Rider,animal,1.000000,1.000000,3.200000,5.2
1,150,916273361,Space Jam,animal,2.000000,0.000000,3.200000,5.2
1,151,906201778,Teenage Mutant Ninja Turtles,animal,2.000000,0.000000,3.150000,5.15
1,152,916543912,Benji the Hunted,animal,2.000000,0.000000,3.150000,5.15
1,153,914631763,Up,animal,1.000000,0.000000,4.150000,5.15
1,154,914368662,Babar: The Movie,animal,2.000000,0.000000,3.150000,5.15
1,155,916545449,Charlotte's Web,animal,2.000000,0.000000,3.150000,5.15
1,156,907132381,Cowgirls 'n Angels,animal,1.000000,1.000000,3.100000,5.1
1,157,915933115,Benji,animal,2.000000,0.000000,3.100000,5.1
1,158,914649744,Open Season,animal,2.000000,0.000000,3.050000,5.050000000000001
1,159,915810498,Piglet's Big Movie,animal,2.000000,0.000000,3.050000,5.050000000000001
1,160,915976979,Cheetah,animal,2.000000,0.000000,3.050000,5.050000000000001
1,161,915885431,We're Back! A Dinosaur's Story,animal,2.000000,0.000000,3.050000,5.050000000000001
1,162,915744078,Bee Movie,animal,2.000000,0.000000,3.050000,5.050000000000001
1,163,913679252,Napoleon and Samantha,animal,2.000000,0.000000,3.050000,5.050000000000001
1,164,916057522,Bringing Up Baby,animal,1.000000,0.000000,4.000000,5.0
1,165,914397256,Rover Dangerfield,animal,2.000000,0.000000,3.000000,5.0
1,166,915081992,The Barefoot Executive,animal,2.000000,0.000000,3.000000,5.0
1,167,916051070,Rudyard Kipling's The Jungle Book,animal,2.000000,0.000000,3.000000,5.0
1,168,915564163,The Cat from Outer Space,animal,2.000000,0.000000,3.000000,5.0
1,169,916373768,Shark Tale,animal,2.000000,0.000000,3.000000,5.0
1,170,914900043,Wubbzy's Big Movie!,animal,2.000000,0.000000,3.000000,5.0
1,171,915567363,Free Willy,animal,2.000000,0.000000,2.950000,4.95
1,172,4699770126,Shrek,animal,1.000000,0.000000,3.950000,4.95
1,173,914890000,Running Free,animal,2.000000,0.000000,2.900000,4.9
1,174,914440203,Babe: Pig in the City,animal,2.000000,0.000000,2.900000,4.9
1,175,1064950164,Tangled,animal,1.000000,0.000000,3.900000,4.9
1,176,914940092,The Biscuit Eater,animal,2.000000,0.000000,2.900000,4.9
1,177,905943935,The Ant Bully,animal,2.000000,0.000000,2.900000,4.9
1,178,916164719,The Shaggy D.A.,animal,2.000000,0.000000,2.900000,4.9
1,179,915292369,The Amazing Panda Adventure,animal,2.000000,0.000000,2.900000,4.9
1,180,915070153,Teacher's Pet,animal,2.000000,0.000000,2.900000,4.9
1,181,1065019257,Chicken Little,animal,2.000000,0.000000,2.900000,4.9
1,182,914845439,Alaska,animal,2.000000,0.000000,2.850000,4.85
1,183,913736558,The Young Black Stallion,animal,2.000000,0.000000,2.850000,4.85
1,184,915736919,Barnyard,animal,2.000000,0.000000,2.800000,4.800000000000001
1,185,913990468,The Pebble and the Penguin,animal,2.000000,0.000000,2.800000,4.800000000000001
1,186,916262700,Mighty Joe Young,animal,2.000000,0.000000,2.800000,4.800000000000001
1,187,914125234,Beethoven,animal,2.000000,0.000000,2.800000,4.800000000000001
1,188,906508273,Chestnut: Hero of Central Park,animal,2.000000,0.000000,2.800000,4.800000000000001
1,189,914401013,Mulan,animal,1.000000,0.000000,3.800000,4.800000000000001
1,190,916261970,Clifford's Really Big Movie,animal,2.000000,0.000000,2.750000,4.75
1,191,904209575,Stuart Little 2,animal,2.000000,0.000000,2.750000,4.75
1,192,915282854,All Dogs Go to Heaven 2,animal,2.000000,0.000000,2.750000,4.75
1,193,915474470,Firehouse Dog,animal,2.000000,0.000000,2.750000,4.75
1,194,916661096,White Fang 2: Myth of the White Wolf,animal,2.000000,0.000000,2.700000,4.7
1,195,1064817058,Alice in Wonderland,animal,1.000000,0.000000,3.700000,4.7
1,196,915183152,Home on the Range,animal,2.000000,0.000000,2.700000,4.7
1,197,916381676,National Velvet,animal,1.000000,0.000000,3.700000,4.7
1,198,914267196,Unstable Fables: 3 Pigs & a Baby,animal,2.000000,0.000000,2.700000,4.7
1,199,915174908,The Yearling,animal,1.000000,0.000000,3.650000,4.65
1,200,915368951,Alpha and Omega,animal,2.000000,0.000000,2.650000,4.65
1,201,913740361,Dunston Checks In,animal,2.000000,0.000000,2.650000,4.65
1,202,914412138,The Wild,animal,2.000000,0.000000,2.650000,4.65
1,203,915238701,The Wild Thornberrys Movie,animal,2.000000,0.000000,2.650000,4.65
1,204,915900155,Zeus and Roxanne,animal,2.000000,0.000000,2.650000,4.65
1,205,905134026,Smitty,animal,1.000000,1.000000,2.650000,4.65
1,206,916690926,Racing Stripes,animal,2.000000,0.000000,2.600000,4.6
1,207,913884980,Scooby-Doo! Curse of the Lake Monster,animal,2.000000,0.000000,2.600000,4.6
1,208,914717471,Good Boy!,animal,2.000000,0.000000,2.600000,4.6
1,209,915508110,Tarzan,animal,1.000000,0.000000,3.600000,4.6
1,210,1065159483,Alvin and the Chipmunks,animal,2.000000,0.000000,2.600000,4.6
1,211,916615663,Open Season 3,animal,2.000000,0.000000,2.600000,4.6
1,212,915233191,Air Bud,animal,2.000000,0.000000,2.600000,4.6
1,213,915684332,Whispers: An Elephant's Tale,animal,2.000000,0.000000,2.600000,4.6
1,214,913644387,Flipper,animal,2.000000,0.000000,2.600000,4.6
1,215,904797156,The Greening of Whitney Brown,animal,1.000000,1.000000,2.600000,4.6
1,216,915141700,Shrek 2,animal,1.000000,0.000000,3.600000,4.6
1,217,915713893,Hounded,animal,2.000000,0.000000,2.600000,4.6
1,218,916343297,Born to Be Wild,animal,2.000000,0.000000,2.550000,4.550000000000001
1,219,1640182077,Bedknobs and Broomsticks,animal,1.000000,0.000000,3.550000,4.550000000000001
1,220,1064911080,Eragon,animal,2.000000,0.000000,2.550000,4.550000000000001
1,221,914301286,Space Dogs,animal,2.000000,0.000000,2.550000,4.550000000000001
1,222,914495935,Cats & Dogs,animal,2.000000,0.000000,2.550000,4.550000000000001
1,223,914723951,Snow Dogs,animal,2.000000,0.000000,2.550000,4.550000000000001
1,224,914143836,Finding Rin Tin Tin,animal,2.000000,0.000000,2.550000,4.550000000000001
1,225,1065200645,G-Force,animal,2.000000,0.000000,2.550000,4.550000000000001
1,226,916302061,Life Is Ruff,animal,2.000000,0.000000,2.550000,4.550000000000001
1,227,1064825031,Garfield: A Tail of Two Kitties,animal,2.000000,0.000000,2.500000,4.5
1,228,908008584,Scooby-Doo 2: Monsters Unleashed,animal,2.000000,0.000000,2.500000,4.5
1,229,907658482,Slappy and the Stinkers,animal,2.000000,0.000000,2.500000,4.5
1,230,915235579,The Trumpet of the Swan,animal,2.000000,0.000000,2.500000,4.5
1,231,916213463,Scooby-Doo,animal,2.000000,0.000000,2.500000,4.5
1,232,916267244,Garfield: The Movie,animal,2.000000,0.000000,2.500000,4.5
1,233,915819042,The Journey of Natty Gann,animal,1.000000,0.000000,3.500000,4.5
1,234,916635539,Meet the Robinsons,animal,1.000000,0.000000,3.450000,4.45
1,235,905862683,Dreamer: Inspired by a True Story,animal,1.000000,0.000000,3.450000,4.45
1,236,1065198161,Return to Oz,animal,1.000000,0.000000,3.400000,4.4
1,237,914856339,Pocahontas,animal,1.000000,0.000000,3.350000,4.35
1,238,914539589,The Black Cauldron,animal,1.000000,0.000000,3.250000,4.25
1,239,903663993,Hoodwinked!,animal,1.000000,0.000000,3.250000,4.25
1,240,914921006,Night at the Museum,animal,1.000000,0.000000,3.200000,4.2
1,241,915576100,The Adventures of the Wilderness Family,animal,1.000000,0.000000,3.200000,4.2
1,242,915014330,Shrek Forever After,animal,1.000000,0.000000,3.150000,4.15
1,243,913627467,The Little Rascals,animal,1.000000,0.000000,3.150000,4.15
1,244,915498912,The Tigger Movie,animal,1.000000,0.000000,3.150000,4.15
1,245,915077966,A Ring of Endless Light,animal,1.000000,0.000000,3.150000,4.15
1,246,914699879,The Game Plan,animal,1.000000,0.000000,3.100000,4.1
1,247,914617798,Flicka,animal,1.000000,0.000000,3.100000,4.1
1,248,906534162,Shrek the Third,animal,1.000000,0.000000,3.000000,4.0
1,249,916640441,Casey's Shadow,animal,1.000000,0.000000,3.000000,4.0
1,250,915459567,Gus,animal,1.000000,0.000000,2.950000,3.95
1,251,915820034,Journey to the Center of the Earth,animal,1.000000,0.000000,2.900000,3.9000000000000004
1,252,914430891,The World's Greatest Athlete,animal,1.000000,0.000000,2.850000,3.85
1,253,914193854,Marco Polo: Return to Xanadu,animal,1.000000,0.000000,2.850000,3.85
1,254,905502674,Amazing Racer,animal,1.000000,0.000000,2.800000,3.8000000000000003
1,255,914616428,Hoot,animal,1.000000,0.000000,2.800000,3.8000000000000003
1,256,916564848,Scooby-Doo! The Mystery Begins,animal,1.000000,0.000000,2.800000,3.8000000000000003
1,257,915325820,Jetsons: The Movie,animal,1.000000,0.000000,2.750000,3.75
1,258,916701690,Ready to Run,animal,1.000000,0.000000,2.750000,3.75
1,259,915582712,George of the Jungle,animal,1.000000,0.000000,2.700000,3.7
1,260,915714824,Dr. Dolittle,animal,1.000000,0.000000,2.700000,3.7
1,261,915351257,Cow Belles,animal,1.000000,0.000000,2.650000,3.6500000000000004
1,262,915812614,Annie: A Royal Adventure!,animal,1.000000,0.000000,2.550000,3.5500000000000003
1,263,914373146,Doug's 1st Movie,animal,1.000000,0.000000,2.500000,3.5
1,264,915509348,Operation Dumbo Drop,animal,1.000000,0.000000,2.500000,3.5
1,0,916458940,Monsters vs. Aliens,superhero-star war,2.000000,0.000000,3.250000,5.25
1,1,915717140,Spider-Man 3,superhero-star war,2.000000,0.000000,3.100000,5.1
1,2,916674873,Superman,superhero-star war,2.000000,0.000000,3.650000,5.65
1,3,1643935809,Megamind,superhero-star war,2.000000,0.000000,3.650000,5.65
1,4,915565237,Teenage Mutant Ninja Turtles,superhero-star war,2.000000,0.000000,3.350000,5.35
1,5,1064822834,Spider-Man 2,superhero-star war,2.000000,0.000000,3.650000,5.65
1,6,908029927,Sky High,superhero-star war,2.000000,0.000000,3.100000,5.1
1,7,906201778,Teenage Mutant Ninja Turtles,superhero-star war,2.000000,0.000000,3.150000,5.15
1,8,1064822848,The Incredibles,superhero-star war,2.000000,0.000000,4.000000,6.0
1,9,4143100030,Spider-Man,superhero-star war,2.000000,0.000000,3.650000,5.65
1,10,906668270,The Amazing Spider-Man 2,superhero-star war,2.000000,2.000000,3.300000,7.300000000000001
1,11,916196624,Batman: Mask of the Phantasm,superhero-star war,2.000000,0.000000,3.950000,5.95
1,12,904696351,Teen Titans: Trouble in Tokyo,superhero-star war,2.000000,0.000000,3.600000,5.6
1,13,914104982,Rainbow Brite and the Star Stealer,superhero-star war,2.000000,0.000000,3.450000,5.45
1,14,5788135152,Batman Ninja,superhero-star war,2.000000,2.000000,2.850000,6.85
1,0,1644691456,The Good Witch's Wonder,magic and fantasy characters,2.000000,2.000000,3.600000,7.6
1,1,905535332,The Boxtrolls,magic and fantasy characters,2.000000,2.000000,3.400000,7.4
1,2,905187611,Trolls,magic and fantasy characters,2.000000,2.000000,3.250000,7.25
1,3,1065118693,The BFG,magic and fantasy characters,2.000000,2.000000,3.200000,7.2
1,4,915073926,Harry Potter and the Deathly Hallows: Part 2,magic and fantasy characters,2.000000,1.000000,4.050000,7.05
1,5,907085958,Into the Woods,magic and fantasy characters,2.000000,2.000000,3.000000,7.0
1,6,1640811946,Strange Magic,magic and fantasy characters,2.000000,2.000000,2.900000,6.9
1,7,1355188928,Kubo and the Two Strings,magic and fantasy characters,1.000000,2.000000,3.900000,6.9
1,8,1499453833,Molly Moon and the Incredible Book of Hypnotism,magic and fantasy characters,2.000000,2.000000,2.700000,6.7
1,9,908300243,Rise of the Guardians,magic and fantasy characters,2.000000,1.000000,3.650000,6.65
1,10,905534329,The Good Witch's Destiny,magic and fantasy characters,2.000000,1.000000,3.600000,6.6
1,11,1065175642,Epic,magic and fantasy characters,2.000000,1.000000,3.350000,6.35
1,12,1064923514,Oz the Great and Powerful,magic and fantasy characters,2.000000,1.000000,3.150000,6.15
1,13,907994469,Night at the Museum: Secret of the Tomb,magic and fantasy characters,1.000000,2.000000,3.100000,6.1
1,14,908347732,Aladdin,magic and fantasy characters,2.000000,0.000000,4.000000,6.0
1,15,4699770126,Shrek,magic and fantasy characters,2.000000,0.000000,3.950000,5.95
1,16,913590117,Harry Potter and the Prisoner of Azkaban,magic and fantasy characters,2.000000,0.000000,3.950000,5.95
1,17,906135196,Jungle Master,magic and fantasy characters,2.000000,1.000000,2.950000,5.95
1,18,914708624,Mary Poppins,magic and fantasy characters,2.000000,0.000000,3.900000,5.9
1,19,916660550,Harry Potter and the Sorcerer's Stone,magic and fantasy characters,2.000000,0.000000,3.800000,5.800000000000001
1,20,916061935,Snow White and the Seven Dwarfs,magic and fantasy characters,2.000000,0.000000,3.800000,5.800000000000001
1,21,915541463,Harry Potter and the Order of the Phoenix,magic and fantasy characters,2.000000,0.000000,3.750000,5.75
1,22,1065181184,Hercules,magic and fantasy characters,2.000000,0.000000,3.650000,5.65
1,23,915141700,Shrek 2,magic and fantasy characters,2.000000,0.000000,3.600000,5.6
1,24,1640182077,Bedknobs and Broomsticks,magic and fantasy characters,2.000000,0.000000,3.550000,5.550000000000001
1,25,916040032,Tuck Everlasting,magic and fantasy characters,2.000000,0.000000,3.350000,5.35
1,26,905472988,Skellig,magic and fantasy characters,2.000000,0.000000,3.300000,5.300000000000001
1,27,916000464,Wizards,magic and fantasy characters,2.000000,0.000000,3.250000,5.25
1,28,913870176,Wizards of Waverly Place: The Movie,magic and fantasy characters,2.000000,0.000000,3.200000,5.2
1,29,915014330,Shrek Forever After,magic and fantasy characters,2.000000,0.000000,3.150000,5.15
1,30,907522173,"Honey, I Shrunk the Kids",magic and fantasy characters,2.000000,0.000000,3.150000,5.15
1,31,914443993,Nanny McPhee Returns,magic and fantasy characters,2.000000,0.000000,3.050000,5.050000000000001
1,32,4691995289,The Wizard of Oz,magic and fantasy characters,1.000000,0.000000,4.000000,5.0
1,33,906534162,Shrek the Third,magic and fantasy characters,2.000000,0.000000,3.000000,5.0
1,34,915650491,Arthur and the Invisibles,magic and fantasy characters,2.000000,0.000000,3.000000,5.0
1,35,906597350,Return to Halloweentown,magic and fantasy characters,2.000000,0.000000,2.900000,4.9
1,36,1064782137,Coraline,magic and fantasy characters,1.000000,0.000000,3.850000,4.85
1,37,915897129,The Last Unicorn,magic and fantasy characters,1.000000,0.000000,3.750000,4.75
1,38,908217216,Legends of Oz: Dorothy's Return,magic and fantasy characters,1.000000,1.000000,2.750000,4.75
1,39,1064817058,Alice in Wonderland,magic and fantasy characters,1.000000,0.000000,3.700000,4.7
1,40,913623778,The Emperor's New Groove,magic and fantasy characters,1.000000,0.000000,3.650000,4.65
1,41,914699736,The Sword in the Stone,magic and fantasy characters,1.000000,0.000000,3.600000,4.6
1,42,916205210,The Devil and Max Devlin,magic and fantasy characters,2.000000,0.000000,2.500000,4.5
1,43,914312490,Don't Look Under the Bed,magic and fantasy characters,1.000000,0.000000,3.500000,4.5
1,44,915645142,The Phantom Tollbooth,magic and fantasy characters,1.000000,0.000000,3.500000,4.5
1,45,916635539,Meet the Robinsons,magic and fantasy characters,1.000000,0.000000,3.450000,4.45
1,46,913924039,The Hunchback of Notre Dame,magic and fantasy characters,1.000000,0.000000,3.450000,4.45
1,47,1065198161,Return to Oz,magic and fantasy characters,1.000000,0.000000,3.400000,4.4
1,48,915650787,Pufnstuf,magic and fantasy characters,1.000000,0.000000,3.350000,4.35
1,49,915205501,Sinbad: Legend of the Seven Seas,magic and fantasy characters,1.000000,0.000000,3.350000,4.35
1,50,1064820863,Alice in Wonderland,magic and fantasy characters,1.000000,0.000000,3.250000,4.25
1,51,914354998,Legend,magic and fantasy characters,1.000000,0.000000,3.250000,4.25
1,52,914921006,Night at the Museum,magic and fantasy characters,1.000000,0.000000,3.200000,4.2
1,53,907567275,The Luck of the Irish,magic and fantasy characters,1.000000,0.000000,3.150000,4.15
1,54,915336780,Bedtime Stories,magic and fantasy characters,1.000000,0.000000,3.050000,4.050000000000001
1,55,916271749,Inkheart,magic and fantasy characters,1.000000,0.000000,3.050000,4.050000000000001
1,56,907682139,The Pagemaster,magic and fantasy characters,1.000000,0.000000,3.000000,4.0
1,57,916283772,Percy Jackson & the Olympians: The Lightning Thief,magic and fantasy characters,1.000000,0.000000,2.950000,3.95
1,58,903795139,Night at the Museum: Battle of the Smithsonian,magic and fantasy characters,1.000000,0.000000,2.950000,3.95
1,59,914193854,Marco Polo: Return to Xanadu,magic and fantasy characters,1.000000,0.000000,2.850000,3.85
1,0,915984986,Ghost in the Shell 2: Innocence,robots-vehicles-toys-foods-sports,2.000000,0.000000,3.800000,5.800000000000001
1,1,914696730,Bicentennial Man,robots-vehicles-toys-foods-sports,2.000000,0.000000,3.450000,5.45
1,2,1065198161,Return to Oz,robots-vehicles-toys-foods-sports,1.000000,0.000000,3.400000,4.4
1,3,915325820,Jetsons: The Movie,robots-vehicles-toys-foods-sports,1.000000,0.000000,2.750000,3.75
1,4,4691995289,The Wizard of Oz,robots-vehicles-toys-foods-sports,2.000000,0.000000,4.000000,6.0
1,5,913864537,The Iron Giant,robots-vehicles-toys-foods-sports,2.000000,0.000000,4.000000,6.0
1,6,915552848,Star Wars: The Clone Wars,robots-vehicles-toys-foods-sports,1.000000,0.000000,4.000000,5.0
1,7,913789622,Robots,robots-vehicles-toys-foods-sports,2.000000,0.000000,3.150000,5.15
1,8,1064886808,Appleseed: Alpha,robots-vehicles-toys-foods-sports,2.000000,2.000000,3.300000,7.300000000000001
1,9,908217216,Legends of Oz: Dorothy's Return,robots-vehicles-toys-foods-sports,2.000000,1.000000,2.750000,5.75
1,10,905136993,9,robots-vehicles-toys-foods-sports,2.000000,0.000000,3.550000,5.550000000000001
1,11,1640648534,Cars 2,robots-vehicles-toys-foods-sports,2.000000,1.000000,3.100000,6.1
1,12,4699770119,Cars,robots-vehicles-toys-foods-sports,2.000000,0.000000,3.550000,5.550000000000001
1,13,916618056,The Black Hole,robots-vehicles-toys-foods-sports,2.000000,0.000000,2.950000,4.95
1,14,906942598,Herbie Goes to Monte Carlo,robots-vehicles-toys-foods-sports,2.000000,0.000000,2.800000,4.800000000000001
1,15,915521826,Ghosts of the Abyss,robots-vehicles-toys-foods-sports,2.000000,0.000000,3.450000,5.45
1,16,915920638,Herbie Rides Again,robots-vehicles-toys-foods-sports,2.000000,0.000000,2.800000,4.800000000000001
1,17,914273184,The Little Engine That Could,robots-vehicles-toys-foods-sports,2.000000,1.000000,2.850000,5.85
1,18,914348465,The Last Flight of Noah's Ark,robots-vehicles-toys-foods-sports,2.000000,0.000000,2.900000,4.9
1,19,907510725,Planes: Fire & Rescue,robots-vehicles-toys-foods-sports,2.000000,2.000000,3.000000,7.0
1,20,916413184,The Adventures of Mark Twain,robots-vehicles-toys-foods-sports,1.000000,0.000000,3.750000,4.75
1,21,1065033367,Cars 3,robots-vehicles-toys-foods-sports,2.000000,2.000000,3.400000,7.4
1,22,905263835,Monster Trucks,robots-vehicles-toys-foods-sports,2.000000,2.000000,2.850000,6.85
1,23,5074953957,Thomas & Friends: Journey Beyond Sodor,robots-vehicles-toys-foods-sports,2.000000,2.000000,2.950000,6.95
1,24,1640229325,The Muppets Take Manhattan,robots-vehicles-toys-foods-sports,2.000000,0.000000,3.450000,5.45
1,25,913920053,Muppet Treasure Island,robots-vehicles-toys-foods-sports,2.000000,0.000000,3.500000,5.5
1,26,4745147086,Toy Story,robots-vehicles-toys-foods-sports,2.000000,0.000000,4.150000,6.15
1,27,4697910968,Toy Story 2,robots-vehicles-toys-foods-sports,2.000000,0.000000,3.950000,5.95
1,28,916510922,The Muppet Christmas Carol,robots-vehicles-toys-foods-sports,2.000000,0.000000,3.850000,5.85
1,29,914396875,Flubber,robots-vehicles-toys-foods-sports,2.000000,0.000000,2.600000,4.6
1,30,915650787,Pufnstuf,robots-vehicles-toys-foods-sports,2.000000,0.000000,3.350000,5.35
1,31,907644084,The Oogieloves in the Big Balloon Adventure,robots-vehicles-toys-foods-sports,2.000000,1.000000,3.000000,6.0
1,32,5700180059,Despicable Me,robots-vehicles-toys-foods-sports,2.000000,0.000000,3.850000,5.85
1,33,1065014521,The Muppets,robots-vehicles-toys-foods-sports,2.000000,1.000000,3.550000,6.550000000000001
1,34,4699770122,Wreck-It Ralph,robots-vehicles-toys-foods-sports,2.000000,1.000000,3.850000,6.85
1,35,1065109451,Toy Story 3,robots-vehicles-toys-foods-sports,2.000000,0.000000,4.150000,6.15
1,36,916725071,Mr. Magorium's Wonder Emporium,robots-vehicles-toys-foods-sports,1.000000,0.000000,3.100000,4.1
1,37,907421696,Muppets Most Wanted,robots-vehicles-toys-foods-sports,2.000000,2.000000,3.200000,7.2
1,38,904562705,Minions,robots-vehicles-toys-foods-sports,2.000000,2.000000,3.200000,7.2
1,39,915612851,George Balanchine's The Nutcracker,robots-vehicles-toys-foods-sports,2.000000,0.000000,2.900000,4.9
1,40,914476356,The SpongeBob SquarePants Movie,robots-vehicles-toys-foods-sports,2.000000,0.000000,3.500000,5.5
1,41,916302107,Pinocchio,robots-vehicles-toys-foods-sports,2.000000,0.000000,3.750000,5.75
1,42,906457891,Inside Out,robots-vehicles-toys-foods-sports,2.000000,2.000000,4.100000,8.100000000000001
1,43,916447692,Nutcracker: The Motion Picture,robots-vehicles-toys-foods-sports,2.000000,0.000000,3.550000,5.550000000000001
1,44,4443092095,Despicable Me 2,robots-vehicles-toys-foods-sports,2.000000,1.000000,3.700000,6.7
1,45,906986244,Despicable Me 3,robots-vehicles-toys-foods-sports,2.000000,2.000000,3.150000,7.15
1,46,914360958,The Pirates Who Don't Do Anything: A VeggieTales Movie,robots-vehicles-toys-foods-sports,2.000000,0.000000,2.850000,4.85
1,47,915331203,Little Shop of Horrors,robots-vehicles-toys-foods-sports,2.000000,0.000000,3.500000,5.5
1,48,916614377,Jonah: A VeggieTales Movie,robots-vehicles-toys-foods-sports,2.000000,0.000000,3.300000,5.300000000000001
1,49,916235110,Everyone's Hero,robots-vehicles-toys-foods-sports,2.000000,0.000000,2.900000,4.9
1,0,906457891,Inside Out,ordinary people,2.000000,2.000000,4.100000,8.100000000000001
1,1,1640979279,Lalaloopsy Girls: Welcome to L.A.L.A. Prep School,ordinary people,2.000000,2.000000,3.950000,7.95
1,2,4233976946,In This Corner of the World,ordinary people,2.000000,2.000000,3.950000,7.95
1,3,3641752894,Hey Arnold: The Jungle Movie,ordinary people,2.000000,2.000000,3.900000,7.9
1,4,1336397951,The Breadwinner,ordinary people,2.000000,2.000000,3.850000,7.85
1,5,1640249972,Still Alice,ordinary people,2.000000,2.000000,3.750000,7.75
1,6,1449042591,The List,ordinary people,2.000000,2.000000,3.700000,7.7
1,7,903897567,The Book of Life,ordinary people,2.000000,2.000000,3.650000,7.65
1,8,1936115795,Crown for Christmas,ordinary people,2.000000,2.000000,3.550000,7.550000000000001
1,9,1796258443,Jumanji: Welcome to the Jungle,ordinary people,2.000000,2.000000,3.500000,7.5
1,10,907954358,Cloud 9,ordinary people,2.000000,2.000000,3.400000,7.4
1,11,1644930730,Veronica Mars,ordinary people,2.000000,2.000000,3.400000,7.4
1,12,3158404405,Little Men,ordinary people,2.000000,2.000000,3.400000,7.4
1,13,4026706927,Ballerina,ordinary people,2.000000,2.000000,3.400000,7.4
1,14,1381083925,Pete's Dragon,ordinary people,2.000000,2.000000,3.350000,7.35
1,15,1527048453,Miss Hokusai,ordinary people,2.000000,2.000000,3.350000,7.35
1,16,908087170,50 to 1,ordinary people,2.000000,2.000000,3.300000,7.300000000000001
1,17,1064886808,Appleseed: Alpha,ordinary people,2.000000,2.000000,3.300000,7.300000000000001
1,18,1640464831,Black or White,ordinary people,2.000000,2.000000,3.300000,7.300000000000001
1,19,1065280196,Home,ordinary people,2.000000,2.000000,3.300000,7.300000000000001
1,20,1352079598,A Girl's Best Friend,ordinary people,2.000000,2.000000,3.300000,7.300000000000001
1,21,1449491379,Northpole: Open for Christmas,ordinary people,2.000000,2.000000,3.200000,7.2
1,22,1641290763,Yellow Day,ordinary people,2.000000,2.000000,3.200000,7.2
1,23,3158404411,Love & Friendship,ordinary people,2.000000,2.000000,3.200000,7.2
1,24,1635975502,Descendants,ordinary people,2.000000,2.000000,3.200000,7.2
1,25,1644161861,A Little Game,ordinary people,2.000000,2.000000,3.150000,7.15
1,26,1379387489,Invisible Sister,ordinary people,2.000000,2.000000,3.150000,7.15
1,27,3997083793,The Swap,ordinary people,2.000000,2.000000,3.150000,7.15
1,28,1644676671,The Boss Baby,ordinary people,2.000000,2.000000,3.150000,7.15
1,29,906986244,Despicable Me 3,ordinary people,2.000000,2.000000,3.150000,7.15
1,30,904427222,"Alexander and the Terrible, Horrible, No Good, Very Bad Day",ordinary people,2.000000,2.000000,3.100000,7.1
1,31,907994469,Night at the Museum: Secret of the Tomb,ordinary people,2.000000,2.000000,3.100000,7.1
1,32,908310631,Get Santa,ordinary people,2.000000,2.000000,3.100000,7.1
1,33,1641121788,The Cookie Mobster,ordinary people,2.000000,2.000000,3.100000,7.1
1,34,1980399599,A Christmas Melody,ordinary people,2.000000,2.000000,3.100000,7.1
1,35,3453094353,Emma's Chance,ordinary people,2.000000,2.000000,3.100000,7.1
1,36,5586056082,Surviving the Wild,ordinary people,2.000000,2.000000,3.100000,7.1
1,37,1728659727,Pokémon the Movie: Hoopa and the Clash of Ages,ordinary people,2.000000,2.000000,3.050000,7.050000000000001
1,38,916585765,Daddy's Home,ordinary people,2.000000,2.000000,3.050000,7.050000000000001
1,39,1379418044,Adventures in Babysitting,ordinary people,2.000000,2.000000,3.050000,7.050000000000001
1,40,4062021453,My Entire High School Sinking Into the Sea,ordinary people,2.000000,2.000000,3.050000,7.050000000000001
1,41,3562742415,Early Man,ordinary people,2.000000,2.000000,3.050000,7.050000000000001
1,42,1642976250,An Evergreen Christmas,ordinary people,2.000000,2.000000,3.000000,7.0
1,43,3137596341,Christmas in the Smokies,ordinary people,2.000000,2.000000,3.000000,7.0
1,44,1410523077,Splitting Adam,ordinary people,2.000000,2.000000,2.950000,6.95
1,45,1814523437,Chloe & Theo,ordinary people,2.000000,2.000000,2.950000,6.95
1,46,3657361888,How to Be a Latin Lover,ordinary people,2.000000,2.000000,2.950000,6.95
1,47,3981513157,Heritage Falls,ordinary people,2.000000,2.000000,2.950000,6.95
1,48,1963870116,Angels in the Snow,ordinary people,2.000000,2.000000,2.900000,6.9
1,49,1973088754,Rodeo Girl,ordinary people,2.000000,2.000000,2.900000,6.9
1,50,1641086732,How to Build a Better Boy,ordinary people,2.000000,2.000000,2.850000,6.85
1,51,4029697620,Christmas All Over Again,ordinary people,2.000000,2.000000,2.800000,6.800000000000001
1,52,1064830986,Hugo,ordinary people,2.000000,1.000000,3.750000,6.75
1,53,1064925689,Moms' Night Out,ordinary people,2.000000,2.000000,2.750000,6.75
1,54,1065242924,Saving Mr. Banks,ordinary people,2.000000,1.000000,3.750000,6.75
1,55,4169462074,Wish for Christmas,ordinary people,2.000000,2.000000,2.750000,6.75
1,56,907717595,The Other Son,ordinary people,2.000000,1.000000,3.700000,6.7
1,57,4443092095,Despicable Me 2,ordinary people,2.000000,1.000000,3.700000,6.7
1,58,1499453833,Molly Moon and the Incredible Book of Hypnotism,ordinary people,2.000000,2.000000,2.700000,6.7
1,59,3391288765,Lost & Found,ordinary people,2.000000,2.000000,2.700000,6.7
1,60,915398531,The Adventures of Tintin,ordinary people,2.000000,1.000000,3.650000,6.65
1,61,908300243,Rise of the Guardians,ordinary people,2.000000,1.000000,3.650000,6.65
1,62,1998612866,The Wild Life,ordinary people,2.000000,2.000000,2.650000,6.65
1,63,4653224136,Love's Last Resort,ordinary people,2.000000,2.000000,2.650000,6.65
1,64,915101377,A Better Life,ordinary people,2.000000,1.000000,3.600000,6.6
1,65,4704798665,The Croods,ordinary people,2.000000,1.000000,3.600000,6.6
1,66,907791020,My Dog the Champion,ordinary people,2.000000,1.000000,3.600000,6.6
1,67,1644541399,A Magic Christmas,ordinary people,2.000000,2.000000,2.600000,6.6
1,68,915300930,Arthur Christmas,ordinary people,2.000000,1.000000,3.550000,6.550000000000001
1,69,4483031651,Brave,ordinary people,2.000000,1.000000,3.550000,6.550000000000001
1,70,915783193,Soul Surfer,ordinary people,2.000000,1.000000,3.550000,6.550000000000001
1,71,907383014,Christmas for a Dollar,ordinary people,2.000000,1.000000,3.550000,6.550000000000001
1,72,1969940645,Mark & Russell's Wild Ride,ordinary people,2.000000,2.000000,2.550000,6.550000000000001
1,73,4791812000,Undercover Grandpa,ordinary people,2.000000,2.000000,2.550000,6.550000000000001
1,74,914481367,Lemonade Mouth,ordinary people,2.000000,1.000000,3.500000,6.5
1,75,4723457614,ParaNorman,ordinary people,2.000000,1.000000,3.500000,6.5
1,76,914887528,Frankenweenie,ordinary people,2.000000,1.000000,3.500000,6.5
1,77,1768485285,Mothers Day,ordinary people,2.000000,2.000000,2.500000,6.5
1,78,903620933,The Hollywood Complex,ordinary people,2.000000,1.000000,3.400000,6.4
1,79,1645083744,Cirque du Soleil: Worlds Away,ordinary people,2.000000,1.000000,3.400000,6.4
1,80,914999784,Jinxed,ordinary people,2.000000,1.000000,3.400000,6.4
1,81,1520991455,Storks,ordinary people,1.000000,2.000000,3.400000,6.4
1,82,907265778,The Pirates! Band of Misfits,ordinary people,2.000000,1.000000,3.350000,6.35
1,83,1065175642,Epic,ordinary people,2.000000,1.000000,3.350000,6.35
1,84,906721986,The Good Dinosaur,ordinary people,1.000000,2.000000,3.350000,6.35
1,85,906863827,Ferdinand,ordinary people,1.000000,2.000000,3.350000,6.35
1,86,1065175719,Diary of a Wimpy Kid: Rodrick Rules,ordinary people,2.000000,1.000000,3.300000,6.300000000000001
1,87,907791805,Underdogs,ordinary people,2.000000,1.000000,3.300000,6.300000000000001
1,88,906668270,The Amazing Spider-Man 2,ordinary people,1.000000,2.000000,3.300000,6.300000000000001
1,89,903964689,Raising Izzie,ordinary people,2.000000,1.000000,3.300000,6.300000000000001
1,90,1544817638,Wish You Well,ordinary people,2.000000,1.000000,3.300000,6.300000000000001
1,91,904311909,"Good Luck Charlie, It's Christmas!",ordinary people,2.000000,1.000000,3.300000,6.300000000000001
1,92,4587051891,The Horse Dancer,ordinary people,2.000000,2.000000,2.300000,6.300000000000001
1,93,915879157,Back to the Future,ordinary people,2.000000,0.000000,4.250000,6.25
1,94,908209955,Geek Charming,ordinary people,2.000000,1.000000,3.250000,6.25
1,95,907597102,Touchback,ordinary people,2.000000,1.000000,3.250000,6.25
1,96,908283304,Let It Shine,ordinary people,2.000000,1.000000,3.250000,6.25
1,97,906738751,Swindle,ordinary people,2.000000,1.000000,3.250000,6.25
1,98,1065002785,Won't Back Down,ordinary people,2.000000,1.000000,3.250000,6.25
1,99,907739124,The Watsons Go to Birmingham,ordinary people,2.000000,1.000000,3.250000,6.25
1,100,905905881,Storm Rider,ordinary people,2.000000,1.000000,3.200000,6.2
1,101,904519496,Dolphin Tale 2,ordinary people,1.000000,2.000000,3.200000,6.2
1,102,3964210619,Diary of a Wimpy Kid: The Long Haul,ordinary people,2.000000,2.000000,2.200000,6.2
1,103,915805271,Inside Job,ordinary people,2.000000,0.000000,4.150000,6.15
1,104,1640229326,Singin' in the Rain,ordinary people,2.000000,0.000000,4.150000,6.15
1,105,1065194670,Diary of a Wimpy Kid: Dog Days,ordinary people,2.000000,1.000000,3.150000,6.15
1,106,914631763,Up,ordinary people,2.000000,0.000000,4.150000,6.15
1,107,906525694,Different Drummers,ordinary people,2.000000,1.000000,3.150000,6.15
1,108,4704701815,47 Ronin,ordinary people,2.000000,1.000000,3.150000,6.15
1,109,1064923514,Oz the Great and Powerful,ordinary people,2.000000,1.000000,3.150000,6.15
1,110,907132381,Cowgirls 'n Angels,ordinary people,2.000000,1.000000,3.100000,6.1
1,111,904144267,Holiday Engagement,ordinary people,2.000000,1.000000,3.050000,6.050000000000001
1,112,904076538,Radio Rebel,ordinary people,2.000000,1.000000,3.050000,6.050000000000001
1,113,905824464,A Country Christmas,ordinary people,2.000000,1.000000,3.050000,6.050000000000001
1,114,915940000,The Miracle Worker,ordinary people,2.000000,0.000000,4.050000,6.05
1,115,907208972,How to Train Your Dragon,ordinary people,2.000000,0.000000,4.050000,6.05
1,116,914866823,The Grapes of Wrath,ordinary people,2.000000,0.000000,4.050000,6.05
1,117,916296539,Paper Moon,ordinary people,2.000000,0.000000,4.050000,6.05
1,118,903675881,The Sound of Music,ordinary people,2.000000,0.000000,4.000000,6.0
1,119,916057522,Bringing Up Baby,ordinary people,2.000000,0.000000,4.000000,6.0
1,120,914741804,The Pursuit of Happyness,ordinary people,2.000000,0.000000,4.000000,6.0
1,121,914175280,Auntie Mame,ordinary people,2.000000,0.000000,4.000000,6.0
1,122,915948941,Groundhog Day,ordinary people,2.000000,0.000000,4.000000,6.0
1,123,916557169,Fiddler on the Roof,ordinary people,2.000000,0.000000,4.000000,6.0
1,124,908114567,Jeremy Fink and the Meaning of Life,ordinary people,2.000000,1.000000,3.000000,6.0
1,125,1064822848,The Incredibles,ordinary people,2.000000,0.000000,4.000000,6.0
1,126,915826995,Ratatouille,ordinary people,2.000000,0.000000,4.000000,6.0
1,127,913601101,The Adventures of Robin Hood,ordinary people,2.000000,0.000000,4.000000,6.0
1,128,915377071,Harvey,ordinary people,2.000000,0.000000,4.000000,6.0
1,129,1065175643,Parental Guidance,ordinary people,2.000000,1.000000,3.000000,6.0
1,130,916683054,Mr. Popper's Penguins,ordinary people,2.000000,1.000000,3.000000,6.0
1,131,915963028,Captains Courageous,ordinary people,2.000000,0.000000,4.000000,6.0
1,132,916185872,"Steamboat Bill, Jr.",ordinary people,2.000000,0.000000,4.000000,6.0
1,133,1064823185,A Thousand Words,ordinary people,2.000000,1.000000,2.950000,5.95
1,134,908574749,Derby Dogs,ordinary people,2.000000,1.000000,2.950000,5.95
1,135,913590117,Harry Potter and the Prisoner of Azkaban,ordinary people,2.000000,0.000000,3.950000,5.95
1,136,907977027,The Dempsey Sisters,ordinary people,2.000000,1.000000,2.950000,5.95
1,137,906135196,Jungle Master,ordinary people,2.000000,1.000000,2.950000,5.95
1,138,1641324379,Angels Sing,ordinary people,2.000000,1.000000,2.950000,5.95
1,139,904550299,Nicky Deuce,ordinary people,2.000000,1.000000,2.950000,5.95
1,140,916160999,The Sandlot,ordinary people,2.000000,0.000000,3.900000,5.9
1,141,903869520,The Fugitive,ordinary people,2.000000,0.000000,3.900000,5.9
1,142,914594429,Captain Blood,ordinary people,2.000000,0.000000,3.900000,5.9
1,143,915489841,Knockout,ordinary people,2.000000,1.000000,2.900000,5.9
1,144,914662937,Remember the Titans,ordinary people,2.000000,0.000000,3.900000,5.9
1,145,914944718,The Goonies,ordinary people,2.000000,0.000000,3.900000,5.9
1,146,907511342,Heart of the Country,ordinary people,2.000000,1.000000,2.900000,5.9
1,147,905535436,Akira Kurosawa's Dreams,ordinary people,2.000000,0.000000,3.900000,5.9
1,148,916435977,What's Eating Gilbert Grape,ordinary people,2.000000,0.000000,3.900000,5.9
1,149,913782438,How Green Was My Valley,ordinary people,2.000000,0.000000,3.900000,5.9
1,150,904124226,Operation Cupcake,ordinary people,2.000000,1.000000,2.900000,5.9
1,151,905333085,The Adventures of Huck Finn,ordinary people,2.000000,1.000000,2.900000,5.9
1,152,1064782137,Coraline,ordinary people,2.000000,0.000000,3.850000,5.85
1,153,913720859,The Good Earth,ordinary people,2.000000,0.000000,3.850000,5.85
1,154,907553534,Rock the House,ordinary people,2.000000,1.000000,2.850000,5.85
1,155,913960693,Who Framed Roger Rabbit,ordinary people,2.000000,0.000000,3.850000,5.85
1,156,907378731,12 Christmas Wishes for My Dog,ordinary people,2.000000,1.000000,2.850000,5.85
1,157,915988655,The Bear,ordinary people,2.000000,0.000000,3.850000,5.85
1,158,916142517,The Blind Side,ordinary people,2.000000,0.000000,3.850000,5.85
1,159,5700180059,Despicable Me,ordinary people,2.000000,0.000000,3.850000,5.85
1,160,914052107,A Little Princess,ordinary people,2.000000,0.000000,3.850000,5.85
1,161,914881854,I Never Sang for My Father,ordinary people,2.000000,0.000000,3.850000,5.85
1,162,916204031,Le Dîner de Cons,ordinary people,2.000000,0.000000,3.850000,5.85
1,163,914072247,1776,ordinary people,2.000000,0.000000,3.800000,5.800000000000001
1,164,916427948,I Am Sam,ordinary people,2.000000,0.000000,3.800000,5.800000000000001
1,165,914468519,Sitting Pretty,ordinary people,2.000000,0.000000,3.800000,5.800000000000001
1,166,914144362,Meet Me in St. Louis,ordinary people,2.000000,0.000000,3.800000,5.800000000000001
1,167,914175399,Little Manhattan,ordinary people,2.000000,0.000000,3.800000,5.800000000000001
1,168,908273643,Dear Dumb Diary,ordinary people,2.000000,1.000000,2.800000,5.800000000000001
1,169,914401013,Mulan,ordinary people,2.000000,0.000000,3.800000,5.800000000000001
1,170,1064822824,Home Alone,ordinary people,2.000000,0.000000,3.750000,5.75
1,171,915181635,Mad Hot Ballroom,ordinary people,2.000000,0.000000,3.750000,5.75
1,172,915541463,Harry Potter and the Order of the Phoenix,ordinary people,2.000000,0.000000,3.750000,5.75
1,173,915534593,A Christmas Carol,ordinary people,2.000000,0.000000,3.750000,5.75
1,174,905957691,The Suite Life Movie,ordinary people,2.000000,1.000000,2.750000,5.75
1,175,914448974,Easter Parade,ordinary people,2.000000,0.000000,3.750000,5.75
1,176,915897129,The Last Unicorn,ordinary people,2.000000,0.000000,3.750000,5.75
1,177,904292633,The Perfect Summer,ordinary people,2.000000,1.000000,2.750000,5.75
1,178,904198348,Holiday Inn,ordinary people,2.000000,0.000000,3.750000,5.75
1,179,908217216,Legends of Oz: Dorothy's Return,ordinary people,2.000000,1.000000,2.750000,5.75
1,180,916413184,The Adventures of Mark Twain,ordinary people,2.000000,0.000000,3.750000,5.75
1,181,1065022282,Field of Dreams,ordinary people,2.000000,0.000000,3.750000,5.75
1,182,915574927,Little Women,ordinary people,2.000000,0.000000,3.700000,5.7
1,183,915606903,Pride and Prejudice,ordinary people,2.000000,0.000000,3.700000,5.7
1,184,913823452,Pollyanna,ordinary people,2.000000,0.000000,3.700000,5.7
1,185,1064817058,Alice in Wonderland,ordinary people,2.000000,0.000000,3.700000,5.7
1,186,905193045,A Walk to Remember,ordinary people,2.000000,0.000000,3.700000,5.7
1,187,915730658,Akeelah and the Bee,ordinary people,2.000000,0.000000,3.700000,5.7
1,188,913658821,Third Man on the Mountain,ordinary people,2.000000,0.000000,3.700000,5.7
1,189,914405244,Christmas in Connecticut,ordinary people,2.000000,0.000000,3.700000,5.7
1,190,915198063,Seven Brides for Seven Brothers,ordinary people,2.000000,0.000000,3.700000,5.7
1,191,915386073,Mars Needs Moms,ordinary people,2.000000,1.000000,2.700000,5.7
1,192,906735224,The Diary of Anne Frank,ordinary people,2.000000,0.000000,3.700000,5.7
1,193,1064995583,True Grit,ordinary people,2.000000,0.000000,3.700000,5.7
1,194,916381676,National Velvet,ordinary people,2.000000,0.000000,3.700000,5.7
1,195,914468749,The Black Stallion,ordinary people,2.000000,0.000000,3.700000,5.7
1,196,907664624,The Adventurer: The Curse of the Midas Box,ordinary people,2.000000,1.000000,2.700000,5.7
1,197,914393770,Father Goose,ordinary people,2.000000,0.000000,3.700000,5.7
1,198,914356300,March of the Wooden Soldiers,ordinary people,2.000000,0.000000,3.700000,5.7
1,199,905138666,Champion,ordinary people,2.000000,0.000000,3.700000,5.7
1,200,915174908,The Yearling,ordinary people,2.000000,0.000000,3.650000,5.65
1,201,906183504,The Simpsons Movie,ordinary people,2.000000,0.000000,3.650000,5.65
1,202,903600292,The Secret Garden,ordinary people,2.000000,0.000000,3.650000,5.65
1,203,914660645,Heidi,ordinary people,2.000000,0.000000,3.650000,5.65
1,204,916567936,Mr. Blandings Builds His Dream House,ordinary people,2.000000,0.000000,3.650000,5.65
1,205,915588500,Old Yeller,ordinary people,2.000000,0.000000,3.650000,5.65
1,206,1065181184,Hercules,ordinary people,2.000000,0.000000,3.650000,5.65
1,207,914493792,Boys' Town,ordinary people,2.000000,0.000000,3.650000,5.65
1,208,905308451,12 Dogs of Christmas: Great Puppy Rescue,ordinary people,2.000000,1.000000,2.650000,5.65
1,209,916414205,The Little Princess,ordinary people,2.000000,0.000000,3.650000,5.65
1,210,916192844,Duma,ordinary people,2.000000,0.000000,3.650000,5.65
1,211,914650726,Peter Pan,ordinary people,2.000000,0.000000,3.650000,5.65
1,212,916390466,Big,ordinary people,2.000000,0.000000,3.650000,5.65
1,213,905134026,Smitty,ordinary people,2.000000,1.000000,2.650000,5.65
1,214,915019633,Lassie Come Home,ordinary people,2.000000,0.000000,3.600000,5.6
1,215,906877085,The Karate Kid,ordinary people,2.000000,0.000000,3.600000,5.6
1,216,915643060,A League of Their Own,ordinary people,2.000000,0.000000,3.600000,5.6
1,217,916266562,Zookeeper,ordinary people,2.000000,1.000000,2.600000,5.6
1,218,916517999,Darby O'Gill and the Little People,ordinary people,2.000000,0.000000,3.600000,5.6
1,219,915508110,Tarzan,ordinary people,2.000000,0.000000,3.600000,5.6
1,220,915377047,Swiss Family Robinson,ordinary people,2.000000,0.000000,3.600000,5.6
1,221,914758015,Glory Road,ordinary people,2.000000,0.000000,3.600000,5.6
1,222,916507310,Lilo & Stitch,ordinary people,2.000000,0.000000,3.600000,5.6
1,223,915481233,"20,000 Leagues Under the Sea",ordinary people,2.000000,0.000000,3.600000,5.6
1,224,914473652,Holiday Affair,ordinary people,2.000000,0.000000,3.600000,5.6
1,225,915717092,"Follow Me, Boys!",ordinary people,2.000000,0.000000,3.600000,5.6
1,226,914014486,"Yours, Mine and Ours",ordinary people,2.000000,0.000000,3.600000,5.6
1,227,914107029,Father of the Bride,ordinary people,2.000000,0.000000,3.600000,5.6
1,228,915128917,Kim Possible Movie: So the Drama,ordinary people,2.000000,0.000000,3.600000,5.6
1,229,905714614,Thunderstruck,ordinary people,2.000000,1.000000,2.600000,5.6
1,230,916085395,"Definitely, Maybe",ordinary people,2.000000,0.000000,3.600000,5.6
1,231,904797156,The Greening of Whitney Brown,ordinary people,2.000000,1.000000,2.600000,5.6
1,232,904696351,Teen Titans: Trouble in Tokyo,ordinary people,2.000000,0.000000,3.600000,5.6
1,233,915579787,Brink!,ordinary people,2.000000,0.000000,3.600000,5.6
1,234,914281770,Grease,ordinary people,2.000000,0.000000,3.600000,5.6
1,235,916236931,My Dog Skip,ordinary people,2.000000,0.000000,3.550000,5.550000000000001
1,236,915230124,Captain January,ordinary people,2.000000,0.000000,3.550000,5.550000000000001
1,237,1640182077,Bedknobs and Broomsticks,ordinary people,2.000000,0.000000,3.550000,5.550000000000001
1,238,915420850,Anna and the King of Siam,ordinary people,2.000000,0.000000,3.550000,5.550000000000001
1,239,916002973,Davy Crockett: King of the Wild Frontier,ordinary people,2.000000,0.000000,3.550000,5.550000000000001
1,240,915491269,The Parent Trap,ordinary people,2.000000,0.000000,3.550000,5.550000000000001
1,241,1065189048,Scooby-Doo Meets the Boo Brothers,ordinary people,2.000000,0.000000,3.550000,5.550000000000001
1,242,904696570,The Chaperone,ordinary people,2.000000,1.000000,2.550000,5.550000000000001
1,243,914809811,Treasure Planet,ordinary people,2.000000,0.000000,3.550000,5.550000000000001
1,244,915577085,Like Dandelion Dust,ordinary people,2.000000,0.000000,3.550000,5.550000000000001
1,245,915495736,Summer Magic,ordinary people,2.000000,0.000000,3.550000,5.550000000000001
1,246,914309046,The Christmas Card,ordinary people,2.000000,0.000000,3.550000,5.550000000000001
1,247,916447692,Nutcracker: The Motion Picture,ordinary people,2.000000,0.000000,3.550000,5.550000000000001
1,248,913903057,Invincible,ordinary people,2.000000,0.000000,3.550000,5.550000000000001
1,249,914979529,Mrs. Doubtfire,ordinary people,2.000000,0.000000,3.500000,5.5
1,250,913877154,Parenthood,ordinary people,2.000000,0.000000,3.500000,5.5
1,251,907676161,Uncle Buck,ordinary people,2.000000,0.000000,3.500000,5.5
1,252,915839147,Holes,ordinary people,2.000000,0.000000,3.500000,5.5
1,253,915671901,The Rookie,ordinary people,2.000000,0.000000,3.500000,5.5
1,254,915331203,Little Shop of Horrors,ordinary people,2.000000,0.000000,3.500000,5.5
1,255,915347753,Meet the Parents,ordinary people,2.000000,0.000000,3.500000,5.5
1,256,915964801,Pee-wee's Big Adventure,ordinary people,2.000000,0.000000,3.500000,5.5
1,257,914312490,Don't Look Under the Bed,ordinary people,2.000000,0.000000,3.500000,5.5
1,258,916521060,Treasure Island,ordinary people,2.000000,0.000000,3.500000,5.5
1,259,915862616,Scooby-Doo and the Ghoul School,ordinary people,2.000000,0.000000,3.500000,5.5
1,260,915645142,The Phantom Tollbooth,ordinary people,2.000000,0.000000,3.500000,5.5
1,261,915819042,The Journey of Natty Gann,ordinary people,2.000000,0.000000,3.500000,5.5
1,262,1065237795,Jumanji,ordinary people,2.000000,0.000000,3.450000,5.45
1,263,916339586,Matilda,ordinary people,2.000000,0.000000,3.450000,5.45
1,264,914771877,Liar Liar,ordinary people,2.000000,0.000000,3.450000,5.45
1,265,916635539,Meet the Robinsons,ordinary people,2.000000,0.000000,3.450000,5.45
1,266,916374399,National Treasure,ordinary people,2.000000,0.000000,3.450000,5.45
1,267,913924039,The Hunchback of Notre Dame,ordinary people,2.000000,0.000000,3.450000,5.45
1,268,915735159,Simon Birch,ordinary people,2.000000,0.000000,3.450000,5.45
1,269,914880749,The Road to El Dorado,ordinary people,2.000000,0.000000,3.450000,5.45
1,270,1064993085,Cool Runnings,ordinary people,2.000000,0.000000,3.450000,5.45
1,271,915499261,The Scream Team,ordinary people,2.000000,0.000000,3.450000,5.45
1,272,906644901,Romancing the Stone,ordinary people,2.000000,0.000000,3.450000,5.45
1,273,905862683,Dreamer: Inspired by a True Story,ordinary people,2.000000,0.000000,3.450000,5.45
1,274,915076940,Flight of the Navigator,ordinary people,2.000000,0.000000,3.450000,5.45
1,275,915203727,Where the Red Fern Grows,ordinary people,2.000000,0.000000,3.450000,5.45
1,276,914579091,Arthur,ordinary people,2.000000,0.000000,3.450000,5.45
1,277,914104982,Rainbow Brite and the Star Stealer,ordinary people,2.000000,0.000000,3.450000,5.45
1,278,914040628,Scooby-Doo and the Reluctant Werewolf,ordinary people,2.000000,0.000000,3.450000,5.45
1,279,905388370,Martian Child,ordinary people,2.000000,0.000000,3.400000,5.4
1,280,1065039366,Unstoppable,ordinary people,2.000000,0.000000,3.400000,5.4
1,281,914497616,Atlantis: The Lost Empire,ordinary people,2.000000,0.000000,3.400000,5.4
1,282,1065004754,Where the Wild Things Are: The IMAX Experience,ordinary people,2.000000,0.000000,3.400000,5.4
1,283,916394158,Music of the Heart,ordinary people,2.000000,0.000000,3.400000,5.4
1,284,907366245,Young Sherlock Holmes,ordinary people,2.000000,0.000000,3.400000,5.4
1,285,1064822833,50 First Dates,ordinary people,2.000000,0.000000,3.400000,5.4
1,286,914288525,The Champ,ordinary people,2.000000,0.000000,3.400000,5.4
1,287,907193649,Hairspray,ordinary people,2.000000,0.000000,3.350000,5.35
1,288,914243609,Charlie and the Chocolate Factory,ordinary people,2.000000,0.000000,3.350000,5.35
1,289,916730302,The Last Starfighter,ordinary people,2.000000,0.000000,3.350000,5.35
1,290,916040032,Tuck Everlasting,ordinary people,2.000000,0.000000,3.350000,5.35
1,291,914399753,Shipwrecked,ordinary people,2.000000,0.000000,3.350000,5.35
1,292,913952401,Unstrung Heroes,ordinary people,2.000000,0.000000,3.350000,5.35
1,293,915119316,Amy,ordinary people,2.000000,0.000000,3.350000,5.35
1,294,915650787,Pufnstuf,ordinary people,2.000000,0.000000,3.350000,5.35
1,295,4917510621,Regarding Henry,ordinary people,2.000000,0.000000,3.350000,5.35
1,296,916059185,All Dogs Go to Heaven,ordinary people,2.000000,0.000000,3.350000,5.35
1,297,914601896,Hook,ordinary people,2.000000,0.000000,3.350000,5.35
1,298,1065186151,Home Alone 2: Lost in New York,ordinary people,2.000000,0.000000,3.350000,5.35
1,299,915205501,Sinbad: Legend of the Seven Seas,ordinary people,2.000000,0.000000,3.350000,5.35
1,300,913944686,Motocrossed,ordinary people,2.000000,0.000000,3.350000,5.35
1,301,904810331,The Mask of Zorro,ordinary people,2.000000,0.000000,3.350000,5.35
1,302,916545325,Kit Kittredge: An American Girl,ordinary people,2.000000,0.000000,3.300000,5.300000000000001
1,303,915436230,Ramona and Beezus,ordinary people,2.000000,0.000000,3.300000,5.300000000000001
1,304,1065183215,Life as We Know It,ordinary people,2.000000,0.000000,3.300000,5.300000000000001
1,305,915926210,Monster House,ordinary people,2.000000,0.000000,3.300000,5.300000000000001
1,306,915470223,You've Got Mail,ordinary people,2.000000,0.000000,3.300000,5.300000000000001
1,307,914919849,Right on Track,ordinary people,2.000000,0.000000,3.300000,5.300000000000001
1,308,913630679,Phantom of the Megaplex,ordinary people,2.000000,0.000000,3.300000,5.300000000000001
1,309,916094291,Under Wraps,ordinary people,2.000000,0.000000,3.300000,5.300000000000001
1,310,914204271,Fireproof,ordinary people,2.000000,0.000000,3.300000,5.300000000000001
1,311,915784441,One Little Indian,ordinary people,2.000000,0.000000,3.300000,5.300000000000001
1,312,915202490,Titan A.E.,ordinary people,2.000000,0.000000,3.300000,5.300000000000001
1,313,905472988,Skellig,ordinary people,2.000000,0.000000,3.300000,5.300000000000001
1,314,916481888,Recess: School's Out,ordinary people,2.000000,0.000000,3.300000,5.300000000000001
1,315,903793485,Can't Hardly Wait,ordinary people,2.000000,0.000000,3.250000,5.25
1,316,915443565,Henry Poole Is Here,ordinary people,2.000000,0.000000,3.250000,5.25
1,317,1064994610,Miracle on 34th Street,ordinary people,2.000000,0.000000,3.250000,5.25
1,318,1064820863,Alice in Wonderland,ordinary people,2.000000,0.000000,3.250000,5.25
1,319,915562319,Extraordinary Measures,ordinary people,2.000000,0.000000,3.250000,5.25
1,320,913629013,The Boy Who Could Fly,ordinary people,2.000000,0.000000,3.250000,5.25
1,321,916018677,Snowball Express,ordinary people,2.000000,0.000000,3.250000,5.25
1,322,914539589,The Black Cauldron,ordinary people,2.000000,0.000000,3.250000,5.25
1,323,914354998,Legend,ordinary people,2.000000,0.000000,3.250000,5.25
1,324,914846381,The Sisterhood of the Traveling Pants,ordinary people,2.000000,0.000000,3.250000,5.25
1,325,903663993,Hoodwinked!,ordinary people,2.000000,0.000000,3.250000,5.25
1,326,915050922,Zenon: Girl of the 21st Century,ordinary people,2.000000,0.000000,3.250000,5.25
1,327,914947009,Now You See It...,ordinary people,2.000000,0.000000,3.250000,5.25
1,328,906749833,Final Fantasy: The Spirits Within,ordinary people,2.000000,0.000000,3.200000,5.2
1,329,914921006,Night at the Museum,ordinary people,2.000000,0.000000,3.200000,5.2
1,330,913636340,The Velveteen Rabbit,ordinary people,2.000000,0.000000,3.200000,5.2
1,331,907064470,Bean,ordinary people,2.000000,0.000000,3.200000,5.2
1,332,913870176,Wizards of Waverly Place: The Movie,ordinary people,2.000000,0.000000,3.200000,5.2
1,333,915576100,The Adventures of the Wilderness Family,ordinary people,2.000000,0.000000,3.200000,5.2
1,334,914719136,Pete's Dragon,ordinary people,2.000000,0.000000,3.200000,5.2
1,335,915772790,Because of Winn-Dixie,ordinary people,2.000000,0.000000,3.200000,5.2
1,336,915247232,Big Daddy,ordinary people,2.000000,0.000000,3.200000,5.2
1,337,1640229293,Spies Like Us,ordinary people,2.000000,0.000000,3.200000,5.2
1,338,1064820861,The Santa Clause,ordinary people,2.000000,0.000000,3.200000,5.2
1,339,916273361,Space Jam,ordinary people,2.000000,0.000000,3.200000,5.2
1,340,1064968651,Strawberry Shortcake: The Glimmerberry Ball Movie,ordinary people,2.000000,0.000000,3.200000,5.2
1,341,915732963,Johnny Tsunami,ordinary people,2.000000,0.000000,3.200000,5.2
1,342,915137206,Osmosis Jones,ordinary people,2.000000,0.000000,3.150000,5.15
1,343,907567275,The Luck of the Irish,ordinary people,2.000000,0.000000,3.150000,5.15
1,344,913627467,The Little Rascals,ordinary people,2.000000,0.000000,3.150000,5.15
1,345,915480321,Freaky Friday,ordinary people,2.000000,0.000000,3.150000,5.15
1,346,916723969,Jumping Ship,ordinary people,2.000000,0.000000,3.150000,5.15
1,347,914110513,Ella Enchanted,ordinary people,2.000000,0.000000,3.150000,5.15
1,348,915759295,Smart House,ordinary people,2.000000,0.000000,3.150000,5.15
1,349,916742510,The Last Mimzy,ordinary people,2.000000,0.000000,3.150000,5.15
1,350,914582702,The Even Stevens Movie,ordinary people,2.000000,0.000000,3.150000,5.15
1,351,915196125,Meet the Fockers,ordinary people,2.000000,0.000000,3.150000,5.15
1,352,914465420,A Hobo's Christmas,ordinary people,2.000000,0.000000,3.150000,5.15
1,353,915045780,Scandalous John,ordinary people,2.000000,0.000000,3.150000,5.15
1,354,915077966,A Ring of Endless Light,ordinary people,2.000000,0.000000,3.150000,5.15
1,355,914821558,Halloweentown High,ordinary people,2.000000,0.000000,3.150000,5.15
1,356,907967993,Summer Eleven,ordinary people,2.000000,0.000000,3.100000,5.1
1,357,1644930381,Diary of a Wimpy Kid,ordinary people,2.000000,0.000000,3.100000,5.1
1,358,913878161,Baby Boom,ordinary people,2.000000,0.000000,3.100000,5.1
1,359,916245907,The Adventures of Huck Finn,ordinary people,2.000000,0.000000,3.100000,5.1
1,360,914510686,Double Teamed,ordinary people,2.000000,0.000000,3.100000,5.1
1,361,913656823,Airborne,ordinary people,2.000000,0.000000,3.100000,5.1
1,362,914699879,The Game Plan,ordinary people,2.000000,0.000000,3.100000,5.1
1,363,904169685,The Sisterhood of the Traveling Pants 2,ordinary people,2.000000,0.000000,3.100000,5.1
1,364,4669107096,Rugrats in Paris: The Movie,ordinary people,2.000000,0.000000,3.100000,5.1
1,365,1640229317,Waterworld,ordinary people,2.000000,0.000000,3.100000,5.1
1,366,916725071,Mr. Magorium's Wonder Emporium,ordinary people,2.000000,0.000000,3.100000,5.1
1,367,5042113475,Jersey Girl,ordinary people,2.000000,0.000000,3.100000,5.1
1,368,914617798,Flicka,ordinary people,2.000000,0.000000,3.100000,5.1
1,369,913742569,Freaky Friday,ordinary people,2.000000,0.000000,3.100000,5.1
1,370,1064842875,The Karate Kid,ordinary people,2.000000,0.000000,3.100000,5.1
1,371,915414112,The Jewel of the Nile,ordinary people,2.000000,0.000000,3.050000,5.050000000000001
1,372,914443993,Nanny McPhee Returns,ordinary people,2.000000,0.000000,3.050000,5.050000000000001
1,373,914461470,Santa Claus: The Movie,ordinary people,2.000000,0.000000,3.050000,5.050000000000001
1,374,915751552,The Wizard,ordinary people,2.000000,0.000000,3.050000,5.050000000000001
1,375,915053674,Funny Farm,ordinary people,2.000000,0.000000,3.050000,5.050000000000001
1,376,913707374,Chasing Liberty,ordinary people,2.000000,0.000000,3.050000,5.050000000000001
1,377,916130601,Casper,ordinary people,2.000000,0.000000,3.050000,5.050000000000001
1,378,915976979,Cheetah,ordinary people,2.000000,0.000000,3.050000,5.050000000000001
1,379,915028596,Down Periscope,ordinary people,2.000000,0.000000,3.050000,5.050000000000001
1,380,915336780,Bedtime Stories,ordinary people,2.000000,0.000000,3.050000,5.050000000000001
1,381,915401788,Eddie's Million Dollar Cook-Off,ordinary people,2.000000,0.000000,3.050000,5.050000000000001
1,382,915999809,The Kid,ordinary people,2.000000,0.000000,3.050000,5.050000000000001
1,383,914309906,27 Dresses,ordinary people,2.000000,0.000000,3.050000,5.050000000000001
1,384,913679252,Napoleon and Samantha,ordinary people,2.000000,0.000000,3.050000,5.050000000000001
1,385,913800130,Little Monsters,ordinary people,2.000000,0.000000,3.050000,5.050000000000001
1,386,913833391,A Plumm Summer,ordinary people,2.000000,0.000000,3.050000,5.050000000000001
1,387,906094236,Wide Awake,ordinary people,2.000000,0.000000,3.050000,5.050000000000001
1,388,916271749,Inkheart,ordinary people,2.000000,0.000000,3.050000,5.050000000000001
1,389,915959318,The Princess Bride,ordinary people,1.000000,0.000000,4.050000,5.05
1,390,914591240,Jimmy Neutron: Boy Genius,ordinary people,2.000000,0.000000,3.000000,5.0
1,391,907682139,The Pagemaster,ordinary people,2.000000,0.000000,3.000000,5.0
1,392,913658809,Unanswered Prayers,ordinary people,2.000000,0.000000,3.000000,5.0
1,393,906056888,Baby's Day Out,ordinary people,2.000000,0.000000,3.000000,5.0
1,394,915081992,The Barefoot Executive,ordinary people,2.000000,0.000000,3.000000,5.0
1,395,916051070,Rudyard Kipling's The Jungle Book,ordinary people,2.000000,0.000000,3.000000,5.0
1,396,915508777,Zenon: The Zequel,ordinary people,2.000000,0.000000,3.000000,5.0
1,397,913971309,Buffalo Dreams,ordinary people,2.000000,0.000000,3.000000,5.0
1,398,1065289868,All I Want for Christmas,ordinary people,2.000000,0.000000,3.000000,5.0
1,399,915024146,The Strongest Man in the World,ordinary people,2.000000,0.000000,3.000000,5.0
1,400,915475593,Twins,ordinary people,2.000000,0.000000,3.000000,5.0
1,401,915752572,Rookie of the Year,ordinary people,2.000000,0.000000,3.000000,5.0
1,402,914426499,Minutemen,ordinary people,2.000000,0.000000,3.000000,5.0
1,403,915650491,Arthur and the Invisibles,ordinary people,2.000000,0.000000,3.000000,5.0
1,404,1065250307,D2: The Mighty Ducks,ordinary people,2.000000,0.000000,3.000000,5.0
1,405,914176623,All Roads Lead Home,ordinary people,2.000000,0.000000,3.000000,5.0
1,406,915285056,Nim's Island,ordinary people,2.000000,0.000000,3.000000,5.0
1,407,916640441,Casey's Shadow,ordinary people,2.000000,0.000000,3.000000,5.0
1,408,905884839,Wiener Dog Nationals,ordinary people,1.000000,1.000000,3.000000,5.0
1,409,914477178,The Apple Dumpling Gang Rides Again,ordinary people,2.000000,0.000000,3.000000,5.0
1,410,914644722,Ice Princess,ordinary people,2.000000,0.000000,3.000000,5.0
1,411,914519434,Lucky You,ordinary people,2.000000,0.000000,2.950000,4.95
1,412,915588380,A Cinderella Story,ordinary people,2.000000,0.000000,2.950000,4.95
1,413,916283772,Percy Jackson & the Olympians: The Lightning Thief,ordinary people,2.000000,0.000000,2.950000,4.95
1,414,915567363,Free Willy,ordinary people,2.000000,0.000000,2.950000,4.95
1,415,914772631,Full-Court Miracle,ordinary people,2.000000,0.000000,2.950000,4.95
1,416,913803951,Go Figure,ordinary people,2.000000,0.000000,2.950000,4.95
1,417,903795139,Night at the Museum: Battle of the Smithsonian,ordinary people,2.000000,0.000000,2.950000,4.95
1,418,916469044,The Last Song,ordinary people,2.000000,0.000000,2.950000,4.95
1,419,913807760,Nancy Drew,ordinary people,2.000000,0.000000,2.950000,4.95
1,420,915459567,Gus,ordinary people,2.000000,0.000000,2.950000,4.95
1,421,915897511,Dad's Home,ordinary people,2.000000,0.000000,2.950000,4.95
1,422,907589625,The Rugrats Movie,ordinary people,2.000000,0.000000,2.950000,4.95
1,423,913845617,Cheaper by the Dozen,ordinary people,2.000000,0.000000,2.900000,4.9
1,424,915820034,Journey to the Center of the Earth,ordinary people,2.000000,0.000000,2.900000,4.9
1,425,916235110,Everyone's Hero,ordinary people,2.000000,0.000000,2.900000,4.9
1,426,915082474,Vice Versa,ordinary people,2.000000,0.000000,2.900000,4.9
1,427,914940092,The Biscuit Eater,ordinary people,2.000000,0.000000,2.900000,4.9
1,428,915846743,Avalon High,ordinary people,2.000000,0.000000,2.900000,4.9
1,429,915897344,International Velvet,ordinary people,2.000000,0.000000,2.900000,4.9
1,430,914034488,The Baby-Sitters Club,ordinary people,2.000000,0.000000,2.900000,4.9
1,431,915619192,Stuck in the Suburbs,ordinary people,2.000000,0.000000,2.900000,4.9
1,432,916164719,The Shaggy D.A.,ordinary people,2.000000,0.000000,2.900000,4.9
1,433,906597350,Return to Halloweentown,ordinary people,2.000000,0.000000,2.900000,4.9
1,434,904146772,All I Want for Christmas,ordinary people,2.000000,0.000000,2.900000,4.9
1,435,914636883,Gotta Kick It Up!,ordinary people,2.000000,0.000000,2.900000,4.9
1,436,914348465,The Last Flight of Noah's Ark,ordinary people,2.000000,0.000000,2.900000,4.9
1,437,915292369,The Amazing Panda Adventure,ordinary people,2.000000,0.000000,2.900000,4.9
1,438,915070153,Teacher's Pet,ordinary people,2.000000,0.000000,2.900000,4.9
1,439,916525140,Pixel Perfect,ordinary people,2.000000,0.000000,2.900000,4.9
1,440,914623308,Abominable Christmas,ordinary people,1.000000,1.000000,2.900000,4.9
1,441,915612851,George Balanchine's The Nutcracker,ordinary people,2.000000,0.000000,2.900000,4.9
1,442,916586281,Curly Sue,ordinary people,2.000000,0.000000,2.900000,4.9
1,443,914926981,Johnny Kapahala: Back on Board,ordinary people,2.000000,0.000000,2.900000,4.9
1,444,914247891,Twitches,ordinary people,2.000000,0.000000,2.900000,4.9
1,445,914845439,Alaska,ordinary people,2.000000,0.000000,2.850000,4.85
1,446,914430891,The World's Greatest Athlete,ordinary people,2.000000,0.000000,2.850000,4.85
1,447,914193854,Marco Polo: Return to Xanadu,ordinary people,2.000000,0.000000,2.850000,4.85
1,448,1862601819,Nacho Libre,ordinary people,2.000000,0.000000,2.850000,4.85
1,449,1065109468,Race to Witch Mountain,ordinary people,2.000000,0.000000,2.850000,4.85
1,450,915380850,Princess Protection Program,ordinary people,2.000000,0.000000,2.850000,4.85
1,451,916280084,The Three Investigators and the Secret of Terror Castle,ordinary people,2.000000,0.000000,2.850000,4.85
1,452,904829345,Tru Confessions,ordinary people,1.000000,0.000000,3.850000,4.85
1,453,915464308,Imagine That,ordinary people,2.000000,0.000000,2.800000,4.800000000000001
1,454,905671438,The Santa Clause 2,ordinary people,2.000000,0.000000,2.800000,4.800000000000001
1,455,906615374,Kicking & Screaming,ordinary people,2.000000,0.000000,2.800000,4.800000000000001
1,456,915869426,The Strawberry Shortcake Movie: Sky's the Limit,ordinary people,2.000000,0.000000,2.800000,4.800000000000001
1,457,914125234,Beethoven,ordinary people,2.000000,0.000000,2.800000,4.800000000000001
1,458,915641028,Hatching Pete,ordinary people,2.000000,0.000000,2.800000,4.800000000000001
1,459,905502674,Amazing Racer,ordinary people,2.000000,0.000000,2.800000,4.800000000000001
1,460,904202199,'Twas the Night,ordinary people,2.000000,0.000000,2.800000,4.800000000000001
1,461,906942598,Herbie Goes to Monte Carlo,ordinary people,2.000000,0.000000,2.800000,4.800000000000001
1,462,914616428,Hoot,ordinary people,2.000000,0.000000,2.800000,4.800000000000001
1,463,916564848,Scooby-Doo! The Mystery Begins,ordinary people,2.000000,0.000000,2.800000,4.800000000000001
1,464,916741558,Rugrats Go Wild,ordinary people,2.000000,0.000000,2.800000,4.800000000000001
1,465,916008409,RV,ordinary people,2.000000,0.000000,2.750000,4.75
1,466,916144496,Trading Mom,ordinary people,2.000000,0.000000,2.750000,4.75
1,467,913942219,Jingle All the Way,ordinary people,2.000000,0.000000,2.750000,4.75
1,468,915486879,The Big Green,ordinary people,2.000000,0.000000,2.750000,4.75
1,469,916287996,Dennis the Menace,ordinary people,2.000000,0.000000,2.750000,4.75
1,470,916701690,Ready to Run,ordinary people,2.000000,0.000000,2.750000,4.75
1,471,916050334,The Bad News Bears in Breaking Training,ordinary people,2.000000,0.000000,2.750000,4.75
1,472,915435203,Daddy Day Care,ordinary people,2.000000,0.000000,2.750000,4.75
1,473,915458785,Sister Act 2: Back in the Habit,ordinary people,2.000000,0.000000,2.750000,4.75
1,474,915474470,Firehouse Dog,ordinary people,2.000000,0.000000,2.750000,4.75
1,475,915796275,Wendy Wu: Homecoming Warrior,ordinary people,2.000000,0.000000,2.750000,4.75
1,476,914492143,Spy Kids,ordinary people,2.000000,0.000000,2.750000,4.75
1,477,914711493,Huckleberry Finn,ordinary people,2.000000,0.000000,2.750000,4.75
1,478,915019124,Cheaper by the Dozen 2,ordinary people,2.000000,0.000000,2.750000,4.75
1,479,3493741119,Show Dogs,ordinary people,1.000000,2.000000,1.750000,4.75
1,480,915669526,"Welcome Home, Roscoe Jenkins",ordinary people,2.000000,0.000000,2.700000,4.7
1,481,916451078,The Lizzie McGuire Movie,ordinary people,2.000000,0.000000,2.700000,4.7
1,482,913653447,The Spy Next Door,ordinary people,2.000000,0.000000,2.700000,4.7
1,483,916661096,White Fang 2: Myth of the White Wolf,ordinary people,2.000000,0.000000,2.700000,4.7
1,484,916127866,A Simple Wish,ordinary people,2.000000,0.000000,2.700000,4.7
1,485,913984918,D3: The Mighty Ducks,ordinary people,2.000000,0.000000,2.700000,4.7
1,486,914877117,"Yours, Mine & Ours",ordinary people,2.000000,0.000000,2.700000,4.7
1,487,914648175,Best Friends,ordinary people,2.000000,0.000000,2.700000,4.7
1,488,916282611,Old Dogs,ordinary people,2.000000,0.000000,2.700000,4.7
1,489,907862359,How to Eat Fried Worms,ordinary people,2.000000,0.000000,2.700000,4.7
1,490,907737457,Aliens in the Attic,ordinary people,2.000000,0.000000,2.700000,4.7
1,491,915487164,Jump In!,ordinary people,2.000000,0.000000,2.700000,4.7
1,492,915582712,George of the Jungle,ordinary people,2.000000,0.000000,2.700000,4.7
1,493,903648202,A Nanny for Christmas,ordinary people,2.000000,0.000000,2.700000,4.7
1,494,915541564,The Proud Family Movie,ordinary people,2.000000,0.000000,2.700000,4.7
1,495,913740361,Dunston Checks In,ordinary people,2.000000,0.000000,2.650000,4.65
1,496,906219328,Problem Child,ordinary people,2.000000,0.000000,2.650000,4.65
1,497,914364196,Jack Frost,ordinary people,2.000000,0.000000,2.650000,4.65
1,498,914171252,Eight Below,ordinary people,1.000000,0.000000,3.650000,4.65
1,499,914018218,Richie Rich,ordinary people,2.000000,0.000000,2.650000,4.65
1,500,904756621,Knucklehead,ordinary people,2.000000,0.000000,2.650000,4.65
1,501,915238701,The Wild Thornberrys Movie,ordinary people,2.000000,0.000000,2.650000,4.65
1,502,5330802278,Adam Sandler's Eight Crazy Nights,ordinary people,2.000000,0.000000,2.650000,4.65
1,503,915540954,High School Musical,ordinary people,2.000000,0.000000,2.650000,4.65
1,504,915351257,Cow Belles,ordinary people,2.000000,0.000000,2.650000,4.65
1,505,915900155,Zeus and Roxanne,ordinary people,2.000000,0.000000,2.650000,4.65
1,506,916350825,Like Mike,ordinary people,2.000000,0.000000,2.600000,4.6
1,507,913884980,Scooby-Doo! Curse of the Lake Monster,ordinary people,2.000000,0.000000,2.600000,4.6
1,508,916449826,Leave It to Beaver,ordinary people,2.000000,0.000000,2.600000,4.6
1,509,914717471,Good Boy!,ordinary people,2.000000,0.000000,2.600000,4.6
1,510,906298067,First Kid,ordinary people,2.000000,0.000000,2.600000,4.6
1,511,914396875,Flubber,ordinary people,2.000000,0.000000,2.600000,4.6
1,512,914767201,Catch That Kid,ordinary people,2.000000,0.000000,2.600000,4.6
1,513,915373406,Blank Check,ordinary people,2.000000,0.000000,2.600000,4.6
1,514,913622030,Clockstoppers,ordinary people,2.000000,0.000000,2.600000,4.6
1,515,916544882,Popeye,ordinary people,2.000000,0.000000,2.600000,4.6
1,516,913644387,Flipper,ordinary people,2.000000,0.000000,2.600000,4.6
1,517,913804395,Can of Worms,ordinary people,2.000000,0.000000,2.600000,4.6
1,518,913692113,Mr. Woodcock,ordinary people,2.000000,0.000000,2.600000,4.6
1,519,916377730,Agent Cody Banks,ordinary people,2.000000,0.000000,2.550000,4.550000000000001
1,520,916343297,Born to Be Wild,ordinary people,2.000000,0.000000,2.550000,4.550000000000001
1,521,915812614,Annie: A Royal Adventure!,ordinary people,2.000000,0.000000,2.550000,4.550000000000001
1,522,915932234,Man of the House,ordinary people,2.000000,0.000000,2.550000,4.550000000000001
1,523,1064911080,Eragon,ordinary people,2.000000,0.000000,2.550000,4.550000000000001
1,524,916528789,Jungle 2 Jungle,ordinary people,2.000000,0.000000,2.550000,4.550000000000001
1,525,905124022,Malibu's Most Wanted,ordinary people,2.000000,0.000000,2.550000,4.550000000000001
1,526,915362646,Camp Rock,ordinary people,2.000000,0.000000,2.550000,4.550000000000001
1,527,916635909,Spy Kids 2: The Island of Lost Dreams,ordinary people,2.000000,0.000000,2.550000,4.550000000000001
1,528,915447333,Unaccompanied Minors,ordinary people,2.000000,0.000000,2.550000,4.550000000000001
1,529,915526771,Dadnapped,ordinary people,2.000000,0.000000,2.550000,4.550000000000001
1,530,916302061,Life Is Ruff,ordinary people,2.000000,0.000000,2.550000,4.550000000000001
1,531,914395606,Spirit: Stallion of the Cimarron,ordinary people,1.000000,0.000000,3.550000,4.550000000000001
1,532,908008584,Scooby-Doo 2: Monsters Unleashed,ordinary people,2.000000,0.000000,2.500000,4.5
1,533,907658482,Slappy and the Stinkers,ordinary people,2.000000,0.000000,2.500000,4.5
1,534,916213463,Scooby-Doo,ordinary people,2.000000,0.000000,2.500000,4.5
1,535,916205210,The Devil and Max Devlin,ordinary people,2.000000,0.000000,2.500000,4.5
1,536,915966736,The Haunted Mansion,ordinary people,2.000000,0.000000,2.500000,4.5
1,537,914373146,Doug's 1st Movie,ordinary people,2.000000,0.000000,2.500000,4.5
1,538,915930978,Tooth Fairy,ordinary people,2.000000,0.000000,2.500000,4.5
1,539,908574601,Chicken Run,ordinary people,1.000000,0.000000,3.500000,4.5
1,540,915509348,Operation Dumbo Drop,ordinary people,2.000000,0.000000,2.500000,4.5
1,541,914492457,The Cheetah Girls 2,ordinary people,2.000000,0.000000,2.500000,4.5
1,542,916016798,Snow Day,ordinary people,2.000000,0.000000,2.500000,4.5
1,543,915014330,Shrek Forever After,ordinary people,1.000000,0.000000,3.150000,4.15
1,544,914890000,Running Free,ordinary people,1.000000,0.000000,2.900000,3.9000000000000004
1,545,913736558,The Young Black Stallion,ordinary people,1.000000,0.000000,2.850000,3.85
1,546,916262700,Mighty Joe Young,ordinary people,1.000000,0.000000,2.800000,3.8000000000000003
1,547,906508273,Chestnut: Hero of Central Park,ordinary people,1.000000,0.000000,2.800000,3.8000000000000003
1,548,916261970,Clifford's Really Big Movie,ordinary people,1.000000,0.000000,2.750000,3.75
1,549,915282854,All Dogs Go to Heaven 2,ordinary people,1.000000,0.000000,2.750000,3.75
1,550,915235579,The Trumpet of the Swan,ordinary people,1.000000,0.000000,2.500000,3.5
1,0,914591240,Jimmy Neutron: Boy Genius,alien-space,1.000000,0.000000,3.000000,4.0
1,1,906749833,Final Fantasy: The Spirits Within,alien-space,1.000000,0.000000,3.200000,4.2
1,2,916507310,Lilo & Stitch,alien-space,2.000000,0.000000,3.600000,5.6
1,3,914902152,My Favorite Martian,alien-space,2.000000,0.000000,2.500000,4.5
1,4,915386073,Mars Needs Moms,alien-space,2.000000,1.000000,2.700000,5.7
1,5,907737457,Aliens in the Attic,alien-space,2.000000,0.000000,2.700000,4.7
1,6,915869536,The Dark Crystal,alien-space,2.000000,0.000000,3.600000,5.6
1,7,915202490,Titan A.E.,alien-space,1.000000,0.000000,3.300000,4.300000000000001
1,8,1065109468,Race to Witch Mountain,alien-space,1.000000,0.000000,2.850000,3.85
1,9,915076940,Flight of the Navigator,alien-space,1.000000,0.000000,3.450000,4.45
1,10,913804395,Can of Worms,alien-space,2.000000,0.000000,2.600000,4.6
1,11,1065280196,Home,alien-space,2.000000,2.000000,3.300000,7.300000000000001
1,12,916546657,Battle for Terra,alien-space,2.000000,0.000000,3.300000,5.300000000000001
1,13,913869700,Fantastic Planet,alien-space,2.000000,0.000000,3.900000,5.9
1,14,915297124,Ice Age: Collision Course,alien-space,1.000000,2.000000,2.850000,5.85
1,0,908008584,Scooby-Doo 2: Monsters Unleashed,monster-ghost-vampire,1.000000,0.000000,2.500000,3.5
1,1,913884980,Scooby-Doo! Curse of the Lake Monster,monster-ghost-vampire,1.000000,0.000000,2.600000,3.6
1,2,915136185,Harry and the Hendersons,monster-ghost-vampire,2.000000,0.000000,2.950000,4.95
1,3,915926210,Monster House,monster-ghost-vampire,2.000000,0.000000,3.300000,5.300000000000001
1,4,916213463,Scooby-Doo,monster-ghost-vampire,1.000000,0.000000,2.500000,3.5
1,5,914373146,Doug's 1st Movie,monster-ghost-vampire,2.000000,0.000000,2.500000,4.5
1,6,913800130,Little Monsters,monster-ghost-vampire,2.000000,0.000000,3.050000,5.050000000000001
1,7,908195926,Hotel Transylvania 2,monster-ghost-vampire,2.000000,2.000000,3.350000,7.35
1,8,1643655956,Beauty and the Beast,monster-ghost-vampire,2.000000,2.000000,3.600000,7.6
1,9,915534593,A Christmas Carol,monster-ghost-vampire,2.000000,0.000000,3.750000,5.75
1,10,907413569,The Nightmare Before Christmas,monster-ghost-vampire,2.000000,0.000000,4.000000,6.0
1,11,4723457614,ParaNorman,monster-ghost-vampire,2.000000,1.000000,3.500000,6.5
1,12,916130601,Casper,monster-ghost-vampire,2.000000,0.000000,3.050000,5.050000000000001
1,13,915499261,The Scream Team,monster-ghost-vampire,2.000000,0.000000,3.450000,5.45
1,14,915966736,The Haunted Mansion,monster-ghost-vampire,2.000000,0.000000,2.500000,4.5
1,15,914887528,Frankenweenie,monster-ghost-vampire,2.000000,1.000000,3.500000,6.5
1,16,915862616,Scooby-Doo and the Ghoul School,monster-ghost-vampire,1.000000,0.000000,3.500000,4.5
1,17,1065189048,Scooby-Doo Meets the Boo Brothers,monster-ghost-vampire,1.000000,0.000000,3.550000,4.550000000000001
1,18,916280084,The Three Investigators and the Secret of Terror Castle,monster-ghost-vampire,1.000000,0.000000,2.850000,3.85
1,19,914040628,Scooby-Doo and the Reluctant Werewolf,monster-ghost-vampire,1.000000,0.000000,3.450000,4.45
1,20,1997144095,Hotel Transylvania 3: Summer Vacation,monster-ghost-vampire,2.000000,2.000000,3.150000,7.15
1,0,915959318,The Princess Bride,princess-prince-queen-king-fairy-elf-mermaid-smurf-snowman,2.000000,0.000000,4.050000,6.05
1,1,915588380,A Cinderella Story,princess-prince-queen-king-fairy-elf-mermaid-smurf-snowman,2.000000,0.000000,2.950000,4.95
1,2,4744393585,The Swan Princess,princess-prince-queen-king-fairy-elf-mermaid-smurf-snowman,2.000000,0.000000,3.250000,5.25
1,3,915014330,Shrek Forever After,princess-prince-queen-king-fairy-elf-mermaid-smurf-snowman,2.000000,0.000000,3.150000,5.15
1,4,1064950164,Tangled,princess-prince-queen-king-fairy-elf-mermaid-smurf-snowman,2.000000,0.000000,3.900000,5.9
1,5,908347732,Aladdin,princess-prince-queen-king-fairy-elf-mermaid-smurf-snowman,2.000000,0.000000,4.000000,6.0
1,6,916026494,Beauty and the Beast,princess-prince-queen-king-fairy-elf-mermaid-smurf-snowman,2.000000,0.000000,4.000000,6.0
1,7,916639857,The Princess Diaries,princess-prince-queen-king-fairy-elf-mermaid-smurf-snowman,2.000000,0.000000,3.150000,5.15
1,8,1065004069,Enchanted,princess-prince-queen-king-fairy-elf-mermaid-smurf-snowman,2.000000,0.000000,3.550000,5.550000000000001
1,9,914856339,Pocahontas,princess-prince-queen-king-fairy-elf-mermaid-smurf-snowman,2.000000,0.000000,3.350000,5.35
1,10,906149267,Antz,princess-prince-queen-king-fairy-elf-mermaid-smurf-snowman,1.000000,0.000000,3.300000,4.300000000000001
1,11,914404693,The Princess and the Frog,princess-prince-queen-king-fairy-elf-mermaid-smurf-snowman,2.000000,0.000000,3.550000,5.550000000000001
1,12,4483031651,Brave,princess-prince-queen-king-fairy-elf-mermaid-smurf-snowman,2.000000,1.000000,3.550000,6.550000000000001
1,13,914539589,The Black Cauldron,princess-prince-queen-king-fairy-elf-mermaid-smurf-snowman,2.000000,0.000000,3.250000,5.25
1,14,906534162,Shrek the Third,princess-prince-queen-king-fairy-elf-mermaid-smurf-snowman,2.000000,0.000000,3.000000,5.0
1,15,914193854,Marco Polo: Return to Xanadu,princess-prince-queen-king-fairy-elf-mermaid-smurf-snowman,1.000000,0.000000,2.850000,3.85
1,16,915968956,Anastasia,princess-prince-queen-king-fairy-elf-mermaid-smurf-snowman,2.000000,0.000000,3.550000,5.550000000000001
1,17,4699770126,Shrek,princess-prince-queen-king-fairy-elf-mermaid-smurf-snowman,2.000000,0.000000,3.950000,5.95
1,18,916061935,Snow White and the Seven Dwarfs,princess-prince-queen-king-fairy-elf-mermaid-smurf-snowman,2.000000,0.000000,3.800000,5.800000000000001
1,19,1064988996,Mirror Mirror,princess-prince-queen-king-fairy-elf-mermaid-smurf-snowman,2.000000,1.000000,2.800000,5.800000000000001
1,20,915380850,Princess Protection Program,princess-prince-queen-king-fairy-elf-mermaid-smurf-snowman,2.000000,0.000000,2.850000,4.85
1,21,1064758806,Frozen,princess-prince-queen-king-fairy-elf-mermaid-smurf-snowman,2.000000,1.000000,3.750000,6.75
1,22,915141700,Shrek 2,princess-prince-queen-king-fairy-elf-mermaid-smurf-snowman,2.000000,0.000000,3.600000,5.6
1,23,1644547069,Moana,princess-prince-queen-king-fairy-elf-mermaid-smurf-snowman,2.000000,2.000000,3.800000,7.800000000000001
1,24,1643655956,Beauty and the Beast,princess-prince-queen-king-fairy-elf-mermaid-smurf-snowman,2.000000,2.000000,3.600000,7.6
1,25,914110513,Ella Enchanted,princess-prince-queen-king-fairy-elf-mermaid-smurf-snowman,1.000000,0.000000,3.150000,4.15
1,26,915205501,Sinbad: Legend of the Seven Seas,princess-prince-queen-king-fairy-elf-mermaid-smurf-snowman,1.000000,0.000000,3.350000,4.35
1,27,916507098,The Prince of Egypt,princess-prince-queen-king-fairy-elf-mermaid-smurf-snowman,2.000000,0.000000,3.550000,5.550000000000001
1,28,1635975502,Descendants,princess-prince-queen-king-fairy-elf-mermaid-smurf-snowman,1.000000,2.000000,3.200000,6.2
1,29,915420850,Anna and the King of Siam,princess-prince-queen-king-fairy-elf-mermaid-smurf-snowman,2.000000,0.000000,3.550000,5.550000000000001
1,30,915846743,Avalon High,princess-prince-queen-king-fairy-elf-mermaid-smurf-snowman,1.000000,0.000000,2.900000,3.9000000000000004
1,31,913623778,The Emperor's New Groove,princess-prince-queen-king-fairy-elf-mermaid-smurf-snowman,2.000000,0.000000,3.650000,5.65
1,32,914699736,The Sword in the Stone,princess-prince-queen-king-fairy-elf-mermaid-smurf-snowman,2.000000,0.000000,3.600000,5.6
1,33,1936115795,Crown for Christmas,princess-prince-queen-king-fairy-elf-mermaid-smurf-snowman,1.000000,2.000000,3.550000,6.550000000000001
1,34,916151994,Fairy Tale: A True Story,princess-prince-queen-king-fairy-elf-mermaid-smurf-snowman,2.000000,0.000000,3.250000,5.25
1,35,916517999,Darby O'Gill and the Little People,princess-prince-queen-king-fairy-elf-mermaid-smurf-snowman,2.000000,0.000000,3.600000,5.6
1,36,916127866,A Simple Wish,princess-prince-queen-king-fairy-elf-mermaid-smurf-snowman,2.000000,0.000000,2.700000,4.7
1,37,1065218621,Secret of the Wings,princess-prince-queen-king-fairy-elf-mermaid-smurf-snowman,2.000000,1.000000,3.600000,6.6
1,38,914601896,Hook,princess-prince-queen-king-fairy-elf-mermaid-smurf-snowman,1.000000,0.000000,3.350000,4.35
1,39,915930978,Tooth Fairy,princess-prince-queen-king-fairy-elf-mermaid-smurf-snowman,1.000000,0.000000,2.500000,3.5
1,40,914650726,Peter Pan,princess-prince-queen-king-fairy-elf-mermaid-smurf-snowman,1.000000,0.000000,3.650000,4.65
1,41,916302107,Pinocchio,princess-prince-queen-king-fairy-elf-mermaid-smurf-snowman,1.000000,0.000000,3.750000,4.75
1,42,915300930,Arthur Christmas,princess-prince-queen-king-fairy-elf-mermaid-smurf-snowman,1.000000,1.000000,3.550000,5.550000000000001
1,43,915060798,Elf,princess-prince-queen-king-fairy-elf-mermaid-smurf-snowman,2.000000,0.000000,3.450000,5.45
1,44,1449491379,Northpole: Open for Christmas,princess-prince-queen-king-fairy-elf-mermaid-smurf-snowman,1.000000,2.000000,3.200000,6.2
1,45,1065014507,The Smurfs,princess-prince-queen-king-fairy-elf-mermaid-smurf-snowman,2.000000,1.000000,2.750000,5.75
1,46,906866619,The Smurfs 2,princess-prince-queen-king-fairy-elf-mermaid-smurf-snowman,2.000000,1.000000,2.700000,5.7
1,47,904723091,Smurfs: The Lost Village,princess-prince-queen-king-fairy-elf-mermaid-smurf-snowman,2.000000,2.000000,3.000000,7.0
1,48,914364196,Jack Frost,princess-prince-queen-king-fairy-elf-mermaid-smurf-snowman,2.000000,0.000000,2.650000,4.65
1,49,914623308,Abominable Christmas,princess-prince-queen-king-fairy-elf-mermaid-smurf-snowman,2.000000,1.000000,2.900000,5.9
