{"animal+PG-13 & LA": ["5586056082", "914575870", "908087170", "906668270", "915714824"], "animal+PG & LA": ["915714824"], "animal+PG-13 & Animation": ["4043665651", "1636804759"], "animal+PG & Animation": [], "superhero-star war+PG-13 & LA": ["1064822834", "4143100030", "915717140"], "superhero-star war+PG & LA": [], "superhero-star war+PG-13 & Animation": ["5788135152"], "superhero-star war+PG & Animation": [], "magic and fantasy characters+PG-13 & LA": ["915073926", "915541463"], "magic and fantasy characters+PG & LA": [], "magic and fantasy characters+PG-13 & Animation": [], "magic and fantasy characters+PG & Animation": [], "robots-vehicles-toys-foods-sports+PG-13 & LA": ["1064886808", "915331203"], "robots-vehicles-toys-foods-sports+PG & LA": [], "robots-vehicles-toys-foods-sports+PG-13 & Animation": ["905136993"], "robots-vehicles-toys-foods-sports+PG & Animation": [], "ordinary people+PG-13 & LA": ["1796258443", "3657361888", "4791812000", "3158404405", "916585765", "1814523437", "1640249972", "1065242924", "907717595", "3391288765", "915101377", "1768485285", "1644930730", "1640464831", "907597102", "915805271", "4704701815", "914741804", "1064823185", "916142517", "916427948", "916085395", "904696570", "915577085", "1065039366", "1064822833", "1065183215", "915443565", "915562319", "915196125", "904169685", "5042113475", "913707374", "914309906", "914519434", "915897511", "903869520", "916435977", "916204031", "915669526", "915606903", "904756621", "916390466", "913692113", "905124022", "914979529", "913877154", "907676161", "915347753", "914771877", "914579091", "907366245", "4917510621", "904810331", "903793485", "907064470", "915247232", "1640229317", "915414112", "915028596", "915475593"], "ordinary people+PG & LA": ["916585765", "1814523437", "1640249972", "1065242924"], "ordinary people+PG-13 & Animation": ["1336397951", "4233976946", "4062021453", "906183504", "5330802278"], "ordinary people+PG & Animation": ["5330802278"], "alien-space+PG-13 & LA": [], "alien-space+PG & LA": [], "alien-space+PG-13 & Animation": ["913869700", "906749833"], "alien-space+PG & Animation": [], "monster-ghost-vampire+PG-13 & LA": [], "monster-ghost-vampire+PG & LA": [], "monster-ghost-vampire+PG-13 & Animation": [], "monster-ghost-vampire+PG & Animation": [], "princess-prince-queen-king-fairy-elf-mermaid-smurf-snowman+PG-13 & LA": [], "princess-prince-queen-king-fairy-elf-mermaid-smurf-snowman+PG & LA": [], "princess-prince-queen-king-fairy-elf-mermaid-smurf-snowman+PG-13 & Animation": [], "princess-prince-queen-king-fairy-elf-mermaid-smurf-snowman+PG & Animation": []}