{"animal+PG-13 & LA+family": ["5586056082", "908087170"], "animal+PG & LA+family": ["906668270", "914575870"], "animal+PG-13 & LA+human": [], "animal+PG & LA+human": [], "animal+PG-13 & Animation+comedy": ["4043665651"], "animal+PG & Animation+comedy": [], "animal+PG-13 & Animation+animated": [], "animal+PG & Animation+animated": [], "superhero-star war+PG-13 & LA+action/adventure": ["906668270", "1064822834"], "superhero-star war+PG & LA+action/adventure": ["4143100030"], "superhero-star war+PG-13 & LA+human": [], "superhero-star war+PG & LA+human": [], "superhero-star war+PG-13 & Animation+action/adventure": [], "superhero-star war+PG & Animation+action/adventure": [], "superhero-star war+PG-13 & Animation+human": [], "superhero-star war+PG & Animation+human": [], "magic and fantasy characters+PG-13 & LA+human": ["915073926"], "magic and fantasy characters+PG & LA+human": [], "magic and fantasy characters+PG-13 & LA+ordinary people": [], "magic and fantasy characters+PG & LA+ordinary people": [], "robots-vehicles-toys-foods-sports+PG-13 & LA+sci-fi": ["1064886808"], "robots-vehicles-toys-foods-sports+PG & LA+sci-fi": [], "robots-vehicles-toys-foods-sports+PG-13 & LA+human": [], "robots-vehicles-toys-foods-sports+PG & LA+human": [], "robots-vehicles-toys-foods-sports+PG-13 & Animation+robot": [], "robots-vehicles-toys-foods-sports+PG & Animation+robot": [], "robots-vehicles-toys-foods-sports+PG-13 & Animation+objects": [], "robots-vehicles-toys-foods-sports+PG & Animation+objects": [], "ordinary people+PG-13 & LA+human": ["1796258443", "5586056082", "3657361888", "4791812000", "3158404405", "915073926", "916585765", "1814523437", "1640249972", "1065242924", "907717595", "3391288765", "915101377", "1768485285", "1644930730", "908087170", "1064886808", "1640464831", "906668270", "907597102", "915805271", "4704701815", "914741804", "1064823185", "916142517", "916427948", "915541463", "916085395", "904696570", "915577085", "1065039366", "1064822833", "1065183215", "915443565"], "ordinary people+PG & LA+human": ["915562319", "915196125", "904169685", "5042113475", "913707374", "914309906", "914519434", "915897511", "903869520", "916435977", "916204031", "915669526", "915606903", "904756621", "916390466", "913692113", "905124022", "914979529", "913877154", "907676161", "915331203", "915347753", "914771877", "914579091", "907366245", "4917510621", "904810331", "903793485", "907064470", "915247232", "1640229317", "915414112", "915028596"], "ordinary people+PG-13 & LA+family": [], "ordinary people+PG & LA+family": [], "ordinary people+PG-13 & Animation+human": ["1336397951", "4043665651", "4233976946"], "ordinary people+PG & Animation+human": ["4062021453", "906183504", "906749833"], "ordinary people+PG-13 & Animation+animated": [], "ordinary people+PG & Animation+animated": [], "alien-space+PG-13 & Animation+sci-fi": ["906749833"], "alien-space+PG & Animation+sci-fi": [], "alien-space+PG-13 & Animation+cartoon": [], "alien-space+PG & Animation+cartoon": []}