{"animal+PG-13 & LA+family": ["3195628081", "3283950291", "914798166"], "animal+PG & LA+family": ["905308451", "906656116"], "animal+PG-13 & LA+children": ["914429308"], "animal+PG & LA+children": [], "animal+PG-13 & Animation+children": ["906837702", "903622406", "1549209811", "914972727", "914630762", "913707373", "1064928422", "1064950164", "916485461", "904802188", "915209999", "1644373666", "916483213", "907803404", "913957865", "914255173", "913636340", "915810498"], "animal+PG & Animation+children": ["915070153", "914401013", "916261970", "1064817058", "915058261", "914437664", "913963444", "914301286", "915595324", "915902103", "915262622", "913816442", "916239522", "4744393585", "914368662", "915498912", "915282854"], "animal+PG-13 & Animation+animated": ["2038104917", "916282238"], "animal+PG & Animation+animated": ["915744078", "1065159483"], "animal+PG-13 & Animation+family": [], "animal+PG & Animation+family": [], "animal+PG-13 & Animation+comedy": [], "animal+PG & Animation+comedy": [], "magic and fantasy characters+PG-13 & Animation+human": ["916061935"], "magic and fantasy characters+PG & Animation+human": ["1064817058"], "magic and fantasy characters+PG-13 & Animation+cartoon": [], "magic and fantasy characters+PG & Animation+cartoon": [], "robots-vehicles-toys-foods-sports+PG-13 & LA+objects": ["1065014521"], "robots-vehicles-toys-foods-sports+PG & LA+objects": ["916510922"], "robots-vehicles-toys-foods-sports+PG-13 & LA+adaptation": [], "robots-vehicles-toys-foods-sports+PG & LA+adaptation": [], "robots-vehicles-toys-foods-sports+PG-13 & Animation+objects": ["5074953957", "904562705", "907510725", "914273184", "4699770119", "916614377"], "robots-vehicles-toys-foods-sports+PG & Animation+objects": ["913789622", "4745147086", "4697910968", "916235110", "914360958"], "robots-vehicles-toys-foods-sports+PG-13 & Animation+animated": [], "robots-vehicles-toys-foods-sports+PG & Animation+animated": [], "ordinary people+PG-13 & LA+human": ["905308451", "916164719"], "ordinary people+PG & LA+human": ["915612851"], "ordinary people+PG-13 & LA+children": [], "ordinary people+PG & LA+children": [], "ordinary people+PG-13 & Animation+human": ["903622406", "1640979279", "916507310", "913636340", "1064968651", "916235110", "915070153", "915869426"], "ordinary people+PG & Animation+human": ["916741558", "914401013", "1064817058", "914650726", "4669107096", "907589625", "916261970", "915325820"], "ordinary people+PG-13 & Animation+children": [], "ordinary people+PG & Animation+children": [], "alien-space+PG-13 & Animation+animated": [], "alien-space+PG & Animation+animated": [], "alien-space+PG-13 & Animation+ordinary people": [], "alien-space+PG & Animation+ordinary people": [], "princess-prince-queen-king-fairy-elf-mermaid-smurf-snowman+PG-13 & Animation+human": ["1064758806", "1065218621", "1064950164"], "princess-prince-queen-king-fairy-elf-mermaid-smurf-snowman+PG & Animation+human": ["916061935", "914650726", "914699736"], "princess-prince-queen-king-fairy-elf-mermaid-smurf-snowman+PG-13 & Animation+fairy tale characters": [], "princess-prince-queen-king-fairy-elf-mermaid-smurf-snowman+PG & Animation+fairy tale characters": []}