{"animal+PG-13 & LA+adaptation": [], "animal+PG & LA+adaptation": [], "animal+PG-13 & LA+children": [], "animal+PG & LA+children": [], "animal+PG-13 & Animation+Musical": ["2038104917", "2012569545", "907803404", "915400816", "916026494", "915070153", "914401013", "915183152"], "animal+PG & Animation+Musical": ["907783509", "914437664", "1640182077", "915902103", "915262622", "916239522", "914856339", "915498912"], "animal+PG-13 & Animation+children": [], "animal+PG & Animation+children": [], "magic and fantasy characters+PG-13 & LA+adaptation": ["907085958"], "magic and fantasy characters+PG & LA+adaptation": [], "magic and fantasy characters+PG-13 & LA+Fantasy": [], "magic and fantasy characters+PG & LA+Fantasy": [], "magic and fantasy characters+PG-13 & Animation+human": ["1640811946", "908347732"], "magic and fantasy characters+PG & Animation+human": ["914708624"], "magic and fantasy characters+PG-13 & Animation+Musical": [], "magic and fantasy characters+PG & Animation+Musical": [], "robots-vehicles-toys-foods-sports+PG-13 & LA+objects": ["1065014521", "907421696", "907644084", "4691995289"], "robots-vehicles-toys-foods-sports+PG & LA+objects": ["916510922", "916447692", "915331203"], "robots-vehicles-toys-foods-sports+PG-13 & LA+Musical": [], "robots-vehicles-toys-foods-sports+PG & LA+Musical": [], "robots-vehicles-toys-foods-sports+PG-13 & Animation+children": ["5074953957"], "robots-vehicles-toys-foods-sports+PG & Animation+children": [], "robots-vehicles-toys-foods-sports+PG-13 & Animation+objects": [], "robots-vehicles-toys-foods-sports+PG & Animation+objects": [], "ordinary people+PG-13 & LA+human": ["1635975502", "1980399599", "914481367", "1645083744", "908283304", "904076538", "1642976250", "907085958", "907977027", "907553534", "915181635", "907193649", "1640229326", "903675881", "916557169", "4691995289", "916469044", "914636883"], "ordinary people+PG & LA+human": ["916525140", "914072247", "914144362", "914448974", "904198348", "915198063", "916414205", "915540954", "914281770", "915362646", "916447692", "915331203", "914492457", "916394158", "915612851", "915458785", "914711493"], "ordinary people+PG-13 & LA+family": [], "ordinary people+PG & LA+family": [], "ordinary people+PG-13 & Animation+human": ["4026706927", "915070153"], "ordinary people+PG & Animation+human": ["914401013"], "ordinary people+PG-13 & Animation+animated": [], "ordinary people+PG & Animation+animated": [], "monster-ghost-vampire+PG-13 & LA+monster, ghost and vampire": [], "monster-ghost-vampire+PG & LA+monster, ghost and vampire": [], "monster-ghost-vampire+PG-13 & LA+fairy tale characters": [], "monster-ghost-vampire+PG & LA+fairy tale characters": [], "monster-ghost-vampire+PG-13 & Animation+monster, ghost and vampire": [], "monster-ghost-vampire+PG & Animation+monster, ghost and vampire": [], "monster-ghost-vampire+PG-13 & Animation+christmas": [], "monster-ghost-vampire+PG & Animation+christmas": [], "princess-prince-queen-king-fairy-elf-mermaid-smurf-snowman+PG-13 & LA+fairy tale characters": ["1643655956"], "princess-prince-queen-king-fairy-elf-mermaid-smurf-snowman+PG & LA+fairy tale characters": ["1635975502"], "princess-prince-queen-king-fairy-elf-mermaid-smurf-snowman+PG-13 & LA+human": [], "princess-prince-queen-king-fairy-elf-mermaid-smurf-snowman+PG & LA+human": [], "princess-prince-queen-king-fairy-elf-mermaid-smurf-snowman+PG-13 & Animation+fairy tale characters": ["1644547069", "1640811946", "1064758806"], "princess-prince-queen-king-fairy-elf-mermaid-smurf-snowman+PG & Animation+fairy tale characters": ["908347732", "916026494", "916507098"], "princess-prince-queen-king-fairy-elf-mermaid-smurf-snowman+PG-13 & Animation+human": [], "princess-prince-queen-king-fairy-elf-mermaid-smurf-snowman+PG & Animation+human": []}