{
    "animal+PG-13 & LA": [
        "3195628081",
        "3283950291",
        "914798166",
        "906656116",
        "916545449",
        "914429308",
        "916164719"
    ],
    "animal+PG & LA": [],
    "animal+PG-13 & Animation": [
        "2038104917",
        "906837702",
        "903622406",
        "1549209811",
        "914972727",
        "914630762",
        "913707373",
        "1064928422",
        "916485461",
        "904802188",
        "914955594",
        "915209999",
        "1644373666",
        "916483213",
        "907803404",
        "913957865",
        "914255173",
        "916282238",
        "915810498",
        "915744078",
        "916261970",
        "915058261",
        "914437664",
        "1065159483",
        "916615663",
        "913963444",
        "914301286",
        "915595324",
        "915902103",
        "915262622",
        "913816442",
        "916239522",
        "914368662",
        "914401013",
        "915282854",
        "915498912"
    ],
    "animal+PG & Animation": [],
    "superhero-star war+PG-13 & LA": [],
    "superhero-star war+PG & LA": [],
    "superhero-star war+PG-13 & Animation": [],
    "superhero-star war+PG & Animation": [],
    "magic and fantasy characters+PG-13 & LA": [],
    "magic and fantasy characters+PG & LA": [],
    "magic and fantasy characters+PG-13 & Animation": [
        "916061935",
        "1064817058",
        "914699736"
    ],
    "magic and fantasy characters+PG & Animation": [],
    "robots-vehicles-toys-foods-sports+PG-13 & LA": [
        "916510922",
        "1065014521",
        "915612851"
    ],
    "robots-vehicles-toys-foods-sports+PG & LA": [],
    "robots-vehicles-toys-foods-sports+PG-13 & Animation": [
        "913789622",
        "915325820",
        "4699770119",
        "914273184",
        "907510725",
        "5074953957",
        "4745147086",
        "4697910968",
        "904562705",
        "914360958",
        "916614377"
    ],
    "robots-vehicles-toys-foods-sports+PG & Animation": [],
    "ordinary people+PG-13 & LA": [
        "905308451",
        "916016798"
    ],
    "ordinary people+PG & LA": [],
    "ordinary people+PG-13 & Animation": [
        "1640979279",
        "916507310",
        "913636340",
        "1064968651",
        "916235110",
        "915070153",
        "915869426",
        "916741558",
        "914401013",
        "4669107096",
        "907589625",
        "916261970",
        "915282854"
    ],
    "ordinary people+PG & Animation": [],
    "alien-space+PG-13 & LA": [],
    "alien-space+PG & LA": [],
    "alien-space+PG-13 & Animation": [],
    "alien-space+PG & Animation": [],
    "monster-ghost-vampire+PG-13 & LA": [],
    "monster-ghost-vampire+PG & LA": [],
    "monster-ghost-vampire+PG-13 & Animation": [],
    "monster-ghost-vampire+PG & Animation": [],
    "princess-prince-queen-king-fairy-elf-mermaid-smurf-snowman+PG-13 & LA": [],
    "princess-prince-queen-king-fairy-elf-mermaid-smurf-snowman+PG & LA": [],
    "princess-prince-queen-king-fairy-elf-mermaid-smurf-snowman+PG-13 & Animation": [
        "1064758806",
        "1064950164",
        "4744393585",
        "1065218621",
        "914650726"
    ],
    "princess-prince-queen-king-fairy-elf-mermaid-smurf-snowman+PG & Animation": []
}