{
    "animal+PG-13 & LA+family": [
        "3195628081",
        "3283950291",
        "914798166",
        "905308451",
        "906656116",
        "916545449"
    ],
    "animal+PG-13 & LA+children": [
        "914429308",
        "916164719"
    ],
    "animal+PG-13 & Animation+children": [
        "906837702",
        "903622406",
        "1549209811",
        "914972727",
        "914630762",
        "913707373",
        "1064928422",
        "1064950164",
        "916485461",
        "904802188",
        "915209999",
        "1644373666",
        "916483213",
        "907803404",
        "913957865",
        "914255173",
        "913636340",
        "915810498",
        "915070153",
        "914401013",
        "916261970",
        "1064817058",
        "915058261",
        "914437664",
        "913963444",
        "914301286",
        "915595324",
        "915902103",
        "915262622",
        "913816442",
        "916239522",
        "4744393585",
        "914368662",
        "915498912",
        "915282854",
        "915325820"
    ],
    "animal+PG-13 & Animation+animated": [
        "2038104917",
        "916282238",
        "915744078",
        "1065159483",
        "916615663"
    ],
    "animal+PG-13 & Animation+family": [],
    "animal+PG-13 & Animation+comedy": [
        "914955594"
    ],
    "magic and fantasy characters+PG-13 & Animation+human": [
        "916061935",
        "1064817058",
        "914699736"
    ],
    "magic and fantasy characters+PG-13 & Animation+cartoon": [],
    "robots-vehicles-toys-foods-sports+PG-13 & LA+objects": [
        "1065014521",
        "916510922",
        "915612851"
    ],
    "robots-vehicles-toys-foods-sports+PG-13 & LA+adaptation": [],
    "robots-vehicles-toys-foods-sports+PG-13 & Animation+objects": [
        "5074953957",
        "904562705",
        "907510725",
        "914273184",
        "4699770119",
        "916614377",
        "913789622",
        "4745147086",
        "4697910968",
        "916235110",
        "914360958",
        "915325820"
    ],
    "robots-vehicles-toys-foods-sports+PG-13 & Animation+animated": [],
    "ordinary people+PG-13 & LA+human": [
        "905308451",
        "916164719",
        "915612851",
        "916016798"
    ],
    "ordinary people+PG-13 & LA+children": [],
    "ordinary people+PG-13 & Animation+human": [
        "903622406",
        "1640979279",
        "916507310",
        "913636340",
        "1064968651",
        "916235110",
        "915070153",
        "915869426",
        "916741558",
        "914401013",
        "1064817058",
        "914650726",
        "4669107096",
        "907589625",
        "916261970",
        "915325820",
        "915282854"
    ],
    "ordinary people+PG-13 & Animation+children": [],
    "alien-space+PG-13 & Animation+animated": [
        "916507310"
    ],
    "alien-space+PG-13 & Animation+ordinary people": [],
    "princess-prince-queen-king-fairy-elf-mermaid-smurf-snowman+PG-13 & Animation+human": [
        "1064758806",
        "1065218621",
        "1064950164",
        "916061935",
        "914650726",
        "914699736",
        "4744393585"
    ],
    "princess-prince-queen-king-fairy-elf-mermaid-smurf-snowman+PG-13 & Animation+fairy tale characters": []
}