{
    "animal+PG-13 & LA+family": [
        "5830189854",
        "3493741119",
        "1381083925",
        "905884839",
        "1499453833",
        "915174908",
        "907791020",
        "904519496",
        "915576100",
        "907132381",
        "907994469",
        "916683054",
        "907378731",
        "914125234",
        "914171252",
        "916192844",
        "905862683",
        "915772790",
        "914921006",
        "914699879",
        "4691995289",
        "915377071",
        "916057522",
        "915820034",
        "913736558",
        "906508273",
        "914616428",
        "916564848",
        "915474470",
        "914468749",
        "916381676",
        "915351257",
        "916690926",
        "915019633",
        "914717471",
        "914495935",
        "914723951",
        "1065200645",
        "1064825031",
        "908008584",
        "906121795",
        "915565237",
        "916059185",
        "914116048",
        "915081992",
        "915567363",
        "914890000",
        "914440203",
        "916262700",
        "915582712",
        "913740361",
        "915900155",
        "915233191"
    ],
    "animal+PG-13 & LA+human": [
        "915588500",
        "913884980",
        "914104982",
        "914719136",
        "913627467",
        "915976979",
        "915459567",
        "915292369",
        "915812614",
        "907658482"
    ],
    "animal+PG-13 & LA+ordinary people": [],
    "animal+PG-13 & LA+children": [
        "913618508",
        "914502613",
        "916255700",
        "916543912",
        "915933115"
    ],
    "animal+PG-13 & Animation+animated": [
        "906863827",
        "3562742415",
        "1064930444",
        "907784531",
        "2012569545",
        "1520991455",
        "906721986",
        "1065280196",
        "1064963796",
        "1728659727",
        "3666786111",
        "905801531",
        "915297124",
        "908300243",
        "1998612866",
        "1065273854",
        "903657028",
        "916164567",
        "915262294",
        "916207758",
        "908325178",
        "1065175642",
        "905035161",
        "1640506209",
        "1065183208",
        "906202903",
        "914631763",
        "907208972",
        "915826995",
        "1065010479",
        "4699770126",
        "1064822576",
        "914806985",
        "908278076",
        "908217216",
        "915141700",
        "914404693",
        "914395606",
        "914228423",
        "914871911",
        "916635539",
        "916580571",
        "915400816",
        "903663993",
        "906201778",
        "915014330",
        "914649744",
        "916026494",
        "916373768",
        "906534162",
        "905943935",
        "1065019257",
        "915736919",
        "904209575",
        "915183152",
        "914267196",
        "915368951",
        "914412138",
        "913623778",
        "915238701",
        "915508110",
        "915563605",
        "1640182077",
        "913704606",
        "908574601",
        "916267244",
        "914856339",
        "906149267",
        "915528607",
        "914539589",
        "916273361",
        "913990468"
    ],
    "animal+PG-13 & Animation+children": [
        "915017476",
        "907783509",
        "916418951",
        "913826432",
        "1065189048",
        "915862616",
        "914040628",
        "915786819",
        "906428238",
        "916138131",
        "915885431",
        "914373146"
    ],
    "animal+PG-13 & Animation+family": [
        "915235579"
    ],
    "superhero-star war+PG-13 & LA+human": [
        "908029927",
        "916674873",
        "914104982",
        "915565237"
    ],
    "superhero-star war+PG-13 & LA+heroic characters": [],
    "superhero-star war+PG-13 & Animation+human": [
        "1064822848",
        "1643935809",
        "904696351",
        "906201778"
    ],
    "superhero-star war+PG-13 & Animation+heroic characters": [],
    "magic and fantasy characters+PG-13 & LA+human": [
        "1065118693",
        "1499453833",
        "905534329",
        "1644691456",
        "907994469",
        "916660550",
        "913870176",
        "914921006",
        "914443993",
        "915336780",
        "915650491",
        "4691995289",
        "903795139",
        "906597350",
        "915650787",
        "907522173"
    ],
    "magic and fantasy characters+PG-13 & LA+family": [],
    "magic and fantasy characters+PG-13 & Animation+human": [
        "905187611",
        "1640811946",
        "908300243",
        "1065175642",
        "4699770126",
        "908217216",
        "915141700",
        "916635539",
        "915205501",
        "915014330",
        "908347732",
        "906534162",
        "914708624",
        "1065181184",
        "913623778",
        "1640182077",
        "915645142",
        "913924039",
        "907682139"
    ],
    "magic and fantasy characters+PG-13 & Animation+animated": [],
    "robots-vehicles-toys-foods-sports+PG-13 & LA+objects": [
        "907421696",
        "4691995289",
        "916447692",
        "913920053",
        "1640229325",
        "915650787",
        "916725071",
        "906942598",
        "915920638"
    ],
    "robots-vehicles-toys-foods-sports+PG-13 & LA+children": [],
    "robots-vehicles-toys-foods-sports+PG-13 & Animation+objects": [
        "1065033367",
        "906986244",
        "906457891",
        "905263835",
        "4699770122",
        "4443092095",
        "1065109451",
        "1640648534",
        "5700180059",
        "908217216",
        "914476356",
        "913864537",
        "915552848",
        "916302107"
    ],
    "robots-vehicles-toys-foods-sports+PG-13 & Animation+animated": [],
    "ordinary people+PG-13 & LA+human": [
        "3964210619",
        "1381083925",
        "1449491379",
        "1065118693",
        "1635975502",
        "1379387489",
        "3997083793",
        "1379418044",
        "3137596341",
        "1410523077",
        "4029697620",
        "1064830986",
        "3493741119",
        "1499453833",
        "907791020",
        "1969940645",
        "914481367",
        "907954358",
        "914999784",
        "904311909",
        "908209955",
        "908283304",
        "906738751",
        "907132381",
        "907994469",
        "904076538",
        "905824464",
        "908114567",
        "916683054",
        "1641324379",
        "904550299",
        "907378731",
        "1641086732",
        "908273643",
        "915181635",
        "915730658",
        "916192844",
        "905714614",
        "915671901",
        "915499261",
        "905862683",
        "914243609",
        "916545325",
        "915436230",
        "914921006",
        "913870176",
        "915772790",
        "904519496",
        "1640229326",
        "914110513",
        "916742510",
        "914582702",
        "914821558",
        "908029927",
        "914699879",
        "916725071",
        "913742569",
        "914443993",
        "915336780",
        "915959318",
        "903675881",
        "916057522",
        "4691995289",
        "913601101",
        "915377071",
        "914426499",
        "915650491",
        "915285056",
        "905884839",
        "916185872",
        "914644722",
        "915588380",
        "913803951",
        "903795139",
        "913807760",
        "916160999",
        "915820034",
        "915846743",
        "906597350",
        "914926981",
        "914247891",
        "1065109468",
        "914052107",
        "915380850",
        "915464308",
        "905671438",
        "914616428",
        "914144362",
        "916564848",
        "915534593",
        "914448974",
        "915435203",
        "915474470",
        "915796275",
        "904198348",
        "914492143",
        "915019124",
        "916451078",
        "913653447",
        "913823452",
        "915198063",
        "916282611",
        "916381676",
        "907737457",
        "914468749",
        "915487164",
        "914393770",
        "915174908",
        "903600292",
        "914660645",
        "915588500",
        "914171252",
        "915540954",
        "915351257",
        "916350825",
        "915019633",
        "913884980",
        "914717471",
        "916517999",
        "915377047",
        "913622030",
        "915230124",
        "915362646",
        "916635909",
        "915491269",
        "915447333",
        "915526771",
        "916447692",
        "908008584",
        "915964801",
        "916521060",
        "915930978",
        "914492457",
        "1064993085",
        "914104982",
        "914399753",
        "915650787",
        "916059185",
        "1064994610",
        "913629013",
        "916018677",
        "915576100",
        "914719136",
        "915732963",
        "913627467",
        "915480321",
        "916130601",
        "915976979",
        "915999809",
        "913800130",
        "906056888",
        "915081992",
        "915024146",
        "915752572",
        "1065250307",
        "914477178",
        "915567363",
        "915459567",
        "915292369",
        "913736558",
        "914125234",
        "906942598",
        "906508273",
        "916144496",
        "913942219",
        "915486879",
        "916287996",
        "915458785",
        "914711493",
        "915582712",
        "913740361",
        "914364196",
        "915900155",
        "916449826",
        "916544882",
        "915812614",
        "916528789",
        "907658482",
        "914890000",
        "916262700"
    ],
    "ordinary people+PG-13 & LA+family": [],
    "ordinary people+PG-13 & Animation+human": [
        "1644676671",
        "906986244",
        "3562742415",
        "906863827",
        "906457891",
        "1065280196",
        "1728659727",
        "905801531",
        "4443092095",
        "908300243",
        "903897567",
        "1998612866",
        "4704798665",
        "4483031651",
        "916207758",
        "1520991455",
        "907265778",
        "1065175642",
        "906721986",
        "914631763",
        "907208972",
        "1064822848",
        "915826995",
        "915552848",
        "914623308",
        "5700180059",
        "908217216",
        "915386073",
        "1643935809",
        "904696351",
        "916635539",
        "914497616",
        "915205501",
        "916481888",
        "903663993",
        "915014330",
        "914591240",
        "913864537",
        "915541564",
        "1065181184",
        "915238701",
        "915508110",
        "1640182077",
        "1065189048",
        "914395606",
        "915862616",
        "915645142",
        "913924039",
        "914880749",
        "914040628",
        "914539589",
        "916273361",
        "907682139",
        "915235579",
        "914373146",
        "908574601"
    ],
    "ordinary people+PG-13 & Animation+animated": [],
    "alien-space+PG-13 & LA+family": [
        "1065109468",
        "907737457",
        "914902152"
    ],
    "alien-space+PG-13 & LA+sci-fi": [],
    "alien-space+PG-13 & Animation+children": [
        "1065280196",
        "915297124",
        "915552848",
        "915386073",
        "914591240",
        "915869536"
    ],
    "alien-space+PG-13 & Animation+animated": [
        "916546657"
    ],
    "monster-ghost-vampire+PG-13 & LA+monster, ghost and vampire": [
        "1643655956",
        "915499261",
        "915534593",
        "913800130",
        "916130601",
        "915136185",
        "913884980",
        "908008584"
    ],
    "monster-ghost-vampire+PG-13 & LA+Fantasy": [],
    "monster-ghost-vampire+PG-13 & Animation+monster, ghost and vampire": [
        "1997144095",
        "908195926",
        "903897567",
        "907413569",
        "906201778",
        "1065189048",
        "914373146",
        "915862616",
        "914040628"
    ],
    "monster-ghost-vampire+PG-13 & Animation+family": [],
    "princess-prince-queen-king-fairy-elf-mermaid-smurf-snowman+PG-13 & LA+family": [
        "1643655956",
        "1635975502",
        "1449491379",
        "1064988996",
        "914364196",
        "1065004069",
        "915060798",
        "916639857",
        "914110513",
        "915959318",
        "915588380",
        "915846743",
        "915380850",
        "916517999",
        "915930978",
        "916151994"
    ],
    "princess-prince-queen-king-fairy-elf-mermaid-smurf-snowman+PG-13 & LA+fairy tale characters": [],
    "princess-prince-queen-king-fairy-elf-mermaid-smurf-snowman+PG-13 & Animation+human": [
        "904723091",
        "1644547069",
        "1640811946",
        "4483031651",
        "4699770126",
        "914623308",
        "1065014507",
        "906866619",
        "915141700",
        "914404693",
        "915205501",
        "915014330",
        "908347732",
        "916026494",
        "906534162",
        "913623778",
        "915968956",
        "916507098",
        "914856339",
        "914539589",
        "916302107",
        "906149267"
    ],
    "princess-prince-queen-king-fairy-elf-mermaid-smurf-snowman+PG-13 & Animation+fairy tale characters": []
}