{
    "animal+PG-13 & LA+human": [
        "4587051891",
        "1357199203",
        "3453094353",
        "1973088754",
        "905905881",
        "908574749",
        "905134026",
        "916266562",
        "904797156",
        "1065004754",
        "905472988",
        "914617798",
        "915988655",
        "905502674",
        "915481233",
        "916236931",
        "1064911080",
        "916213463",
        "915819042",
        "915203727",
        "1065198161",
        "916640441",
        "916661096",
        "913644387",
        "915509348"
    ],
    "animal+PG-13 & LA+ordinary people": [],
    "animal+PG-13 & LA+family": [
        "1065094665",
        "914143836"
    ],
    "animal+PG-13 & Animation+animated": [
        "915398531",
        "1065200621",
        "914887528",
        "907768362",
        "1065115502",
        "913960693",
        "915897129"
    ],
    "animal+PG-13 & Animation+children": [],
    "superhero-star war+PG-13 & Animation+children": [
        "916458940",
        "916196624"
    ],
    "superhero-star war+PG-13 & Animation+human": [],
    "magic and fantasy characters+PG-13 & LA+human": [
        "1064923514",
        "907085958",
        "913590117",
        "916040032",
        "905472988",
        "1064820863",
        "916271749",
        "916283772",
        "1065198161",
        "914354998"
    ],
    "magic and fantasy characters+PG-13 & LA+ordinary people": [],
    "magic and fantasy characters+PG-13 & Animation+animated": [
        "1355188928",
        "905535332",
        "1064782137",
        "915897129"
    ],
    "magic and fantasy characters+PG-13 & Animation+children": [],
    "robots-vehicles-toys-foods-sports+PG-13 & LA+objects": [
        "914696730",
        "916618056",
        "916413184",
        "914396875",
        "1065198161"
    ],
    "robots-vehicles-toys-foods-sports+PG-13 & LA+family": [],
    "ordinary people+PG-13 & LA+human": [
        "4587051891",
        "1357199203",
        "3158404411",
        "3453094353",
        "1963870116",
        "1973088754",
        "915783193",
        "1645083744",
        "1065175719",
        "907791805",
        "903964689",
        "1544817638",
        "1065002785",
        "907739124",
        "905905881",
        "1065194670",
        "1064923514",
        "1644161861",
        "904427222",
        "908310631",
        "904144267",
        "1065175643",
        "1642976250",
        "907085958",
        "908574749",
        "913590117",
        "907977027",
        "915489841",
        "907511342",
        "905333085",
        "914175399",
        "905957691",
        "904292633",
        "1064925689",
        "905193045",
        "907664624",
        "905134026",
        "916266562",
        "914758015",
        "904797156",
        "913903057",
        "915839147",
        "916374399",
        "905388370",
        "1065004754",
        "907193649",
        "916040032",
        "914204271",
        "905472988",
        "1064820863",
        "915879157",
        "914846381",
        "907967993",
        "1644930381",
        "914617798",
        "1064842875",
        "913833391",
        "916271749",
        "915940000",
        "914866823",
        "916296539",
        "915948941",
        "916557169",
        "914176623",
        "916283772",
        "916469044",
        "913845617",
        "914662937",
        "904146772",
        "914944718",
        "913782438",
        "915988655",
        "1862601819",
        "916280084",
        "914072247",
        "906615374",
        "905502674",
        "1064822824",
        "916008409",
        "916413184",
        "1065022282",
        "914877117",
        "906735224",
        "1064995583",
        "907862359",
        "906877085",
        "915643060",
        "915481233",
        "914767201",
        "914107029",
        "914281770",
        "916377730",
        "916236931",
        "1064911080",
        "916213463",
        "915966736",
        "915819042",
        "1065237795",
        "916339586",
        "915735159",
        "906644901",
        "915076940",
        "915203727",
        "1065198161",
        "916394158",
        "916730302",
        "913952401",
        "914601896",
        "1065186151",
        "915470223",
        "916094291",
        "914354998",
        "1640229293",
        "1064820861",
        "916245907",
        "914461470",
        "915751552",
        "915053674",
        "916640441",
        "915082474",
        "914034488",
        "916586281",
        "916050334",
        "916661096",
        "913984918",
        "906219328",
        "914018218",
        "906298067",
        "914396875",
        "915373406",
        "913644387",
        "915509348"
    ],
    "ordinary people+PG-13 & LA+family": [],
    "ordinary people+PG-13 & Animation+animated": [
        "1355188928",
        "4026706927",
        "915398531",
        "915300930",
        "4723457614",
        "914887528",
        "905535332",
        "1064782137",
        "914809811",
        "915926210",
        "915137206",
        "913960693",
        "915897129",
        "915202490"
    ],
    "ordinary people+PG-13 & Animation+human": [],
    "alien-space+PG-13 & LA+sci-fi": [
        "915076940"
    ],
    "alien-space+PG-13 & LA+children": [],
    "alien-space+PG-13 & Animation+animated": [
        "916458940",
        "915202490"
    ],
    "alien-space+PG-13 & Animation+sci-fi": [],
    "monster-ghost-vampire+PG-13 & LA+human": [
        "916280084",
        "916213463",
        "915966736"
    ],
    "monster-ghost-vampire+PG-13 & LA+ordinary people": [],
    "monster-ghost-vampire+PG-13 & Animation+animated": [
        "4723457614",
        "914887528",
        "915926210",
        "916458940"
    ],
    "monster-ghost-vampire+PG-13 & Animation+family": [],
    "princess-prince-queen-king-fairy-elf-mermaid-smurf-snowman+PG-13 & LA+adult": [
        "914601896"
    ],
    "princess-prince-queen-king-fairy-elf-mermaid-smurf-snowman+PG-13 & LA+human": [],
    "princess-prince-queen-king-fairy-elf-mermaid-smurf-snowman+PG-13 & Animation+fairy tale characters": [
        "915300930"
    ],
    "princess-prince-queen-king-fairy-elf-mermaid-smurf-snowman+PG-13 & Animation+animated": []
}