{
    "animal+PG-13 & LA+action/adventure": [
        "5586056082",
        "3493741119",
        "1065094665",
        "1381083925",
        "906668270",
        "904519496",
        "907994469",
        "914798166",
        "914171252",
        "916192844",
        "906656116",
        "1065004754",
        "914921006",
        "915820034",
        "915988655",
        "913736558",
        "914429308",
        "916564848",
        "914468749",
        "915019633",
        "913884980",
        "914717471",
        "915481233",
        "1064911080",
        "1065200645",
        "908008584",
        "916213463",
        "915819042",
        "906121795",
        "915565237",
        "916059185",
        "916255700",
        "915576100",
        "916543912",
        "915933115",
        "915976979",
        "916051070",
        "915567363",
        "914440203",
        "914845439",
        "916262700",
        "916661096",
        "915582712",
        "913644387"
    ],
    "animal+PG-13 & LA+family": [],
    "animal+PG-13 & Animation+action/adventure": [
        "4043665651",
        "906863827",
        "2038104917",
        "3562742415",
        "906837702",
        "903622406",
        "906721986",
        "1065280196",
        "1728659727",
        "1998612866",
        "915398531",
        "1065273854",
        "1065200621",
        "903657028",
        "915262294",
        "916207758",
        "1640506209",
        "1065183208",
        "914631763",
        "907208972",
        "915826995",
        "1064822576",
        "1064950164",
        "908217216",
        "914404693",
        "914395606",
        "907768362",
        "916485461",
        "914871911",
        "904802188",
        "1065115502",
        "915400816",
        "903663993",
        "906201778",
        "1065019257",
        "914193854",
        "914401013",
        "904209575",
        "915017476",
        "915238701",
        "913963444",
        "915508110",
        "915563605",
        "914301286",
        "915595324"
    ],
    "animal+PG-13 & Animation+animated": [],
    "superhero-star war+PG-13 & LA+human": [
        "906668270",
        "1064822834",
        "4143100030",
        "915717140",
        "908029927",
        "916674873",
        "915565237"
    ],
    "superhero-star war+PG-13 & LA+action/adventure": [],
    "superhero-star war+PG-13 & Animation+human": [
        "5788135152",
        "1064822848",
        "1643935809",
        "904696351",
        "906201778",
        "916196624"
    ],
    "superhero-star war+PG-13 & Animation+action/adventure": [],
    "magic and fantasy characters+PG-13 & LA+human": [
        "915073926",
        "907994469",
        "913590117",
        "916660550",
        "915541463",
        "914921006",
        "915336780",
        "916271749",
        "915650491",
        "916283772",
        "903795139",
        "914312490",
        "907522173"
    ],
    "magic and fantasy characters+PG-13 & LA+action/adventure": [],
    "magic and fantasy characters+PG-13 & Animation+human": [
        "1355188928",
        "905187611",
        "906135196",
        "908217216",
        "915205501",
        "914193854",
        "1065181184",
        "914699736",
        "915645142",
        "916000464",
        "907682139"
    ],
    "magic and fantasy characters+PG-13 & Animation+action/adventure": [],
    "robots-vehicles-toys-foods-sports+PG-13 & LA+objects": [
        "1064886808",
        "916618056",
        "916413184",
        "914396875"
    ],
    "robots-vehicles-toys-foods-sports+PG-13 & LA+action/adventure": [],
    "robots-vehicles-toys-foods-sports+PG-13 & Animation+action/adventure": [
        "5074953957",
        "905263835",
        "4699770122",
        "4443092095",
        "1065109451",
        "915552848",
        "907510725",
        "5700180059",
        "908217216",
        "905136993",
        "4699770119",
        "914476356",
        "4745147086",
        "916235110",
        "914360958"
    ],
    "robots-vehicles-toys-foods-sports+PG-13 & Animation+objects": [],
    "ordinary people+PG-13 & LA+human": [
        "1796258443",
        "5586056082",
        "4791812000",
        "1381083925",
        "1635975502",
        "915073926",
        "1379418044",
        "3493741119",
        "3391288765",
        "1644930730",
        "1064886808",
        "906668270",
        "906738751",
        "4704701815",
        "1644161861",
        "907994469",
        "1064823185",
        "913590117",
        "905333085",
        "1641086732",
        "915541463",
        "907664624",
        "916192844",
        "915839147",
        "916374399",
        "915499261",
        "1065039366",
        "1065004754",
        "914243609",
        "914919849",
        "914947009",
        "914921006",
        "904519496",
        "916723969",
        "916742510",
        "908029927",
        "915336780",
        "916271749",
        "915959318",
        "915508777",
        "913601101",
        "914426499",
        "915650491",
        "915963028",
        "915285056",
        "916185872",
        "916283772",
        "903795139",
        "915820034",
        "903869520",
        "914594429",
        "914944718",
        "915988655",
        "1065109468",
        "916280084",
        "916564848",
        "915796275",
        "914492143",
        "916413184",
        "916451078",
        "913653447",
        "913658821",
        "914468749",
        "914171252",
        "915019633",
        "913884980",
        "914717471",
        "916517999",
        "915377047",
        "915481233",
        "914767201",
        "913622030",
        "915579787",
        "916377730",
        "1064911080",
        "916002973",
        "916635909",
        "908008584",
        "907676161",
        "916213463",
        "914312490",
        "916521060",
        "915819042",
        "1065237795",
        "906644901",
        "907366245",
        "914399753",
        "916059185",
        "914601896",
        "904810331",
        "913630679",
        "915050922",
        "915576100",
        "916245907",
        "1640229317",
        "915414112",
        "915976979",
        "906056888",
        "916051070",
        "915567363",
        "914845439",
        "913736558",
        "916661096",
        "915582712",
        "914018218",
        "914396875",
        "913644387",
        "916262700"
    ],
    "ordinary people+PG-13 & LA+action/adventure": [],
    "ordinary people+PG-13 & Animation+human": [
        "3562742415",
        "4043665651",
        "906863827",
        "1355188928",
        "903622406",
        "4026706927",
        "1065280196",
        "1728659727",
        "4443092095",
        "915398531",
        "1998612866",
        "4704798665",
        "916207758",
        "907265778",
        "906721986",
        "914631763",
        "907208972",
        "1064822848",
        "915826995",
        "915552848",
        "906135196",
        "5700180059",
        "908217216",
        "915386073",
        "1643935809",
        "915128917",
        "904696351",
        "914809811",
        "914497616",
        "915205501",
        "903663993",
        "906749833",
        "916235110",
        "914193854",
        "914401013",
        "1065181184",
        "915238701",
        "915508110",
        "914395606",
        "915645142",
        "914880749",
        "915202490",
        "907682139"
    ],
    "ordinary people+PG-13 & Animation+action/adventure": [],
    "alien-space+PG-13 & LA+ordinary people": [
        "1065109468"
    ],
    "alien-space+PG-13 & LA+human": [],
    "alien-space+PG-13 & Animation+action/adventure": [
        "1065280196",
        "915552848",
        "915386073",
        "916546657",
        "906749833",
        "915202490"
    ],
    "alien-space+PG-13 & Animation+animated": [],
    "monster-ghost-vampire+PG-13 & LA+monster, ghost and vampire": [
        "915499261",
        "916280084",
        "913884980",
        "908008584",
        "916213463"
    ],
    "monster-ghost-vampire+PG-13 & LA+ordinary people": [],
    "monster-ghost-vampire+PG-13 & Animation+monster, ghost and vampire": [
        "1997144095",
        "908195926",
        "906201778"
    ],
    "monster-ghost-vampire+PG-13 & Animation+action/adventure": [],
    "princess-prince-queen-king-fairy-elf-mermaid-smurf-snowman+PG-13 & LA+human": [
        "1635975502",
        "1064988996",
        "915959318",
        "916517999",
        "914601896"
    ],
    "princess-prince-queen-king-fairy-elf-mermaid-smurf-snowman+PG-13 & LA+fairy tale characters": [],
    "princess-prince-queen-king-fairy-elf-mermaid-smurf-snowman+PG-13 & Animation+human": [
        "1644547069",
        "1064758806",
        "1064950164",
        "914404693",
        "915205501",
        "914193854",
        "914699736"
    ],
    "princess-prince-queen-king-fairy-elf-mermaid-smurf-snowman+PG-13 & Animation+fairy tale characters": []
}