{
    "animal+PG-13 & LA": [
        "4691995289"
    ],
    "animal+PG & LA": [],
    "animal+PG-13 & Animation": [
        "2038104917",
        "2012569545",
        "907803404",
        "915400816",
        "916026494",
        "915070153",
        "915183152",
        "907783509",
        "914437664",
        "915902103",
        "915262622",
        "916239522",
        "913990468",
        "914401013",
        "915498912"
    ],
    "animal+PG & Animation": [],
    "superhero-star war+PG-13 & LA": [],
    "superhero-star war+PG & LA": [],
    "superhero-star war+PG-13 & Animation": [],
    "superhero-star war+PG & Animation": [],
    "magic and fantasy characters+PG-13 & LA": [
        "907085958"
    ],
    "magic and fantasy characters+PG & LA": [],
    "magic and fantasy characters+PG-13 & Animation": [
        "1640811946",
        "908347732",
        "914708624",
        "1640182077"
    ],
    "magic and fantasy characters+PG & Animation": [],
    "robots-vehicles-toys-foods-sports+PG-13 & LA": [
        "916510922",
        "907644084",
        "1065014521",
        "907421696",
        "915612851",
        "916447692",
        "915331203"
    ],
    "robots-vehicles-toys-foods-sports+PG & LA": [],
    "robots-vehicles-toys-foods-sports+PG-13 & Animation": [
        "5074953957",
        "916614377"
    ],
    "robots-vehicles-toys-foods-sports+PG & Animation": [],
    "ordinary people+PG-13 & LA": [
        "1635975502",
        "1980399599",
        "914481367",
        "1645083744",
        "908283304",
        "904076538",
        "1642976250",
        "907977027",
        "907553534",
        "915181635",
        "907193649",
        "1640229326",
        "903675881",
        "916557169",
        "916469044",
        "914636883",
        "916525140",
        "914072247",
        "914144362",
        "914448974",
        "904198348",
        "915198063",
        "916414205",
        "915540954",
        "914281770",
        "915362646",
        "914492457",
        "916394158",
        "915458785",
        "914711493",
        "916544882"
    ],
    "ordinary people+PG & LA": [],
    "ordinary people+PG-13 & Animation": [
        "4026706927",
        "914401013"
    ],
    "ordinary people+PG & Animation": [],
    "alien-space+PG-13 & LA": [],
    "alien-space+PG & LA": [],
    "alien-space+PG-13 & Animation": [],
    "alien-space+PG & Animation": [],
    "monster-ghost-vampire+PG-13 & LA": [
        "1643655956"
    ],
    "monster-ghost-vampire+PG & LA": [],
    "monster-ghost-vampire+PG-13 & Animation": [
        "907413569"
    ],
    "monster-ghost-vampire+PG & Animation": [],
    "princess-prince-queen-king-fairy-elf-mermaid-smurf-snowman+PG-13 & LA": [
        "1065004069"
    ],
    "princess-prince-queen-king-fairy-elf-mermaid-smurf-snowman+PG & LA": [],
    "princess-prince-queen-king-fairy-elf-mermaid-smurf-snowman+PG-13 & Animation": [
        "1644547069",
        "1064758806",
        "914856339",
        "916507098"
    ],
    "princess-prince-queen-king-fairy-elf-mermaid-smurf-snowman+PG & Animation": []
}