{
    "animal+PG-13 & LA+adaptation": [
        "4691995289"
    ],
    "animal+PG-13 & LA+children": [],
    "animal+PG-13 & Animation+Musical": [
        "2038104917",
        "2012569545",
        "907803404",
        "915400816",
        "916026494",
        "915070153",
        "914401013",
        "915183152",
        "907783509",
        "914437664",
        "1640182077",
        "915902103",
        "915262622",
        "916239522",
        "914856339",
        "915498912",
        "913990468"
    ],
    "animal+PG-13 & Animation+children": [],
    "magic and fantasy characters+PG-13 & LA+adaptation": [
        "907085958",
        "4691995289"
    ],
    "magic and fantasy characters+PG-13 & LA+Fantasy": [],
    "magic and fantasy characters+PG-13 & Animation+human": [
        "1640811946",
        "908347732",
        "914708624",
        "1640182077"
    ],
    "magic and fantasy characters+PG-13 & Animation+Musical": [],
    "robots-vehicles-toys-foods-sports+PG-13 & LA+objects": [
        "1065014521",
        "907421696",
        "907644084",
        "4691995289",
        "916510922",
        "916447692",
        "915331203",
        "915612851"
    ],
    "robots-vehicles-toys-foods-sports+PG-13 & LA+Musical": [],
    "robots-vehicles-toys-foods-sports+PG-13 & Animation+children": [
        "5074953957",
        "916614377"
    ],
    "robots-vehicles-toys-foods-sports+PG-13 & Animation+objects": [],
    "ordinary people+PG-13 & LA+human": [
        "1635975502",
        "1980399599",
        "914481367",
        "1645083744",
        "908283304",
        "904076538",
        "1642976250",
        "907085958",
        "907977027",
        "907553534",
        "915181635",
        "907193649",
        "1640229326",
        "903675881",
        "916557169",
        "4691995289",
        "916469044",
        "914636883",
        "916525140",
        "914072247",
        "914144362",
        "914448974",
        "904198348",
        "915198063",
        "916414205",
        "915540954",
        "914281770",
        "915362646",
        "916447692",
        "915331203",
        "914492457",
        "916394158",
        "915612851",
        "915458785",
        "914711493",
        "916544882"
    ],
    "ordinary people+PG-13 & LA+family": [],
    "ordinary people+PG-13 & Animation+human": [
        "4026706927",
        "915070153",
        "914401013",
        "1640182077"
    ],
    "ordinary people+PG-13 & Animation+animated": [],
    "monster-ghost-vampire+PG-13 & LA+monster, ghost and vampire": [
        "1643655956"
    ],
    "monster-ghost-vampire+PG-13 & LA+fairy tale characters": [],
    "monster-ghost-vampire+PG-13 & Animation+monster, ghost and vampire": [
        "907413569"
    ],
    "monster-ghost-vampire+PG-13 & Animation+christmas": [],
    "princess-prince-queen-king-fairy-elf-mermaid-smurf-snowman+PG-13 & LA+fairy tale characters": [
        "1643655956",
        "1635975502",
        "1065004069"
    ],
    "princess-prince-queen-king-fairy-elf-mermaid-smurf-snowman+PG-13 & LA+human": [],
    "princess-prince-queen-king-fairy-elf-mermaid-smurf-snowman+PG-13 & Animation+fairy tale characters": [
        "1644547069",
        "1640811946",
        "1064758806",
        "908347732",
        "916026494",
        "916507098",
        "914856339"
    ],
    "princess-prince-queen-king-fairy-elf-mermaid-smurf-snowman+PG-13 & Animation+human": []
}